company,totalyearlycompensation,yearsofexperience,Masters_Degree,Bachelors_Degree,Doctorate_Degree,state,city
Small,233000,4.0,0,0,0,CA,San Francisco
Large,218000,11.0,0,0,0,WA,Seattle
Small,180000,10.0,0,0,0,CA,San Jose
Small,500000,4.0,0,0,0,CA,San Francisco
Large,370000,8.0,0,0,0,WA,Seattle
Large,200000,3.0,0,0,0,WA,Seattle
Large,340000,11.0,0,0,0,WA,Bellevue
Medium,690000,10.0,0,0,0,WA,Kirkland
Small,600000,3.0,0,0,0,CA,Los Gatos
Small,168000,8.0,0,0,0,CA,Palo Alto
Small,187000,4.0,0,0,0,NY,New York
Large,225000,11.0,0,0,0,CA,Menlo Park
Small,220000,6.0,0,0,0,CA,San Diego
Large,130000,7.0,0,0,0,WA,Seattle
Small,112000,4.0,0,0,0,VA,Mc Lean
Large,200000,5.0,0,0,0,MA,Boston
Small,120000,1.0,0,0,0,DC,Washington
Large,500000,20.0,0,0,0,WA,Seattle
Large,220000,2.0,0,0,0,WA,Redmond
Small,147000,1.0,0,0,0,CA,San Francisco
Large,340000,9.0,0,0,0,WA,Redmond
Medium,235000,2.0,0,0,0,CA,San Francisco
Small,206000,9.0,0,0,0,CA,Mountain View
Small,233000,3.0,0,0,0,CA,San Francisco
Large,149000,9.0,0,0,0,WA,Redmond
Large,356000,9.0,0,0,0,WA,Redmond
Small,305000,5.0,0,0,0,WA,Seattle
Large,200000,5.0,0,0,0,CA,Menlo Park
Medium,215000,0.0,0,0,0,CA,Cupertino
Medium,700000,6.0,0,0,0,WA,Seattle
Large,243000,2.0,0,0,0,WA,Redmond
Large,260000,3.0,0,0,0,CA,Palo Alto
Large,240000,10.0,0,0,0,WA,Seattle
Large,300000,1.0,0,0,0,CA,Sunnyvale
Small,160000,1.0,0,0,0,NY,New York
Small,220000,7.0,0,0,0,CA,San Jose
Medium,210000,1.0,0,0,0,CA,Mountain View
Medium,210000,1.0,0,0,0,CA,Mountain View
Large,115000,6.0,0,0,0,WA,Seattle
Large,115000,6.0,0,0,0,WA,Seattle
Medium,188000,6.0,0,0,0,CA,Cupertino
Large,215000,10.0,0,0,0,WA,Redmond
Small,315000,15.0,0,0,0,CA,San Francisco
Medium,240000,2.0,0,0,0,CA,San Francisco
Small,230000,2.0,0,0,0,CA,San Francisco
Large,216000,15.0,0,0,0,WA,Redmond
Large,125000,3.0,0,0,0,WA,Seattle
Medium,322000,6.0,0,0,0,CA,Cupertino
Small,400000,2.0,0,0,0,CA,Los Gatos
Large,157000,2.0,0,0,0,WA,Seattle
Small,82000,4.0,0,0,0,MN,Bloomington
Small,120000,6.0,0,0,0,MA,Boston
Large,240000,2.0,0,0,0,WA,Redmond
Small,100000,1.0,0,0,0,TX,Austin
Small,114000,2.0,0,0,0,NY,New York
Small,119000,2.0,0,0,0,NY,New York
Small,250000,0.0,0,0,0,CA,San Francisco
Large,182000,10.0,0,0,0,MA,Boston
Medium,120000,1.0,0,0,0,CA,Santa Monica
Small,318000,3.0,0,0,0,CA,Mountain View
Small,135000,3.0,0,0,0,NY,New York
Large,228000,5.0,0,0,0,WA,Seattle
Medium,137000,2.0,0,0,0,CA,San Jose
Small,156000,20.0,0,0,0,NC,Charlotte
Large,193000,1.0,0,0,0,CA,San Francisco
Medium,350000,5.0,0,0,0,CA,San Francisco
Medium,425000,9.0,0,0,0,CA,Sunnyvale
Large,385000,6.0,0,0,0,CA,Menlo Park
Small,150000,5.0,0,0,0,TX,Dallas
Large,280000,3.0,0,0,0,CA,San Francisco
Large,180000,2.0,0,0,0,WA,Redmond
Small,160000,4.0,0,0,0,NY,New York
Large,125000,1.0,0,0,0,WA,Seattle
Large,180000,9.0,0,0,0,WA,Redmond
Large,180000,9.0,0,0,0,WA,Redmond
Small,115000,4.0,0,0,0,MA,Boston
Large,190000,4.0,0,0,0,WA,Redmond
Large,225000,2.0,0,0,0,WA,Redmond
Large,145000,4.0,0,0,0,CA,Sunnyvale
Large,230000,0.0,0,0,0,CA,Menlo Park
Small,425000,10.0,0,0,0,CA,Los Gatos
Small,200000,8.0,0,0,0,WA,Bellevue
Small,115000,1.0,0,0,0,NM,Albuquerque
Small,205000,0.0,0,0,0,WA,Seattle
Small,284000,3.0,0,0,0,CA,San Francisco
Large,400000,10.0,0,0,0,WA,Seattle
Large,237000,5.0,0,0,0,CA,Menlo Park
Large,145000,2.0,0,0,0,WA,Seattle
Small,112000,9.0,0,0,0,NC,Cary
Large,160000,0.0,0,0,0,WA,Redmond
Small,140000,4.0,0,0,0,GA,Atlanta
Small,169000,2.0,0,0,0,CA,San Francisco
Large,183000,8.0,0,0,0,MA,Cambridge
Small,220000,5.0,0,0,0,CA,San Francisco
Small,145000,2.0,0,0,0,NY,New York
Small,145000,5.0,0,0,0,WA,Seattle
Small,195000,10.0,0,0,0,AR,Bentonville
Small,430000,7.0,0,0,0,CA,San Francisco
Large,169000,6.0,0,0,0,WA,Seattle
Small,320000,10.0,0,0,0,CA,San Francisco
Medium,250000,6.0,0,0,0,CA,Mountain View
Medium,250000,6.0,0,0,0,CA,Mountain View
Small,182000,5.0,0,0,0,CA,San Jose
Small,180000,20.0,0,0,0,CA,San Francisco
Large,196000,4.0,0,0,0,CA,Irvine
Small,100000,2.0,0,0,0,TX,Austin
Small,100000,2.0,0,0,0,TX,Austin
Medium,300000,6.0,0,0,0,CA,Cupertino
Small,110000,3.0,0,0,0,CA,Los Angeles
Small,145000,2.0,0,0,0,CA,San Francisco
Large,150000,0.0,0,0,0,CA,Menlo Park
Small,187000,0.0,0,0,0,CA,San Francisco
Small,125000,1.0,0,0,1,DC,Washington
Small,185000,5.0,0,0,0,IL,Chicago
Small,281000,3.0,0,0,0,CA,Sunnyvale
Small,250000,4.0,0,0,0,CA,Mountain View
Large,154000,4.0,0,0,0,WA,Seattle
Large,226000,0.0,0,0,0,WA,Bellevue
Small,118000,3.0,0,0,0,MA,Boston
Large,365000,18.0,0,0,0,WA,Redmond
Large,192000,0.0,0,0,0,WA,Redmond
Small,120000,3.0,0,0,0,CO,Broomfield
Large,187000,4.0,0,0,0,WA,Seattle
Small,283000,4.0,0,0,0,CA,San Francisco
Small,240000,8.0,0,0,0,CA,San Francisco
Small,265000,6.0,0,0,0,CA,Mountain View
Small,220000,5.0,0,0,0,CA,Mountain View
Large,209000,3.0,0,0,0,CA,Palo Alto
Small,184000,18.0,0,0,0,WA,Seattle
Large,350000,4.0,0,0,0,CA,San Francisco
Small,120000,2.0,0,0,0,NY,New York
Small,165000,0.0,0,0,0,CA,San Francisco
Small,137000,4.0,0,0,0,OR,Hillsboro
Small,176000,2.0,0,0,0,CA,San Jose
Small,165000,13.0,0,0,0,CA,Santa Clara
Small,135000,1.0,0,0,0,NY,New York
Large,181000,4.0,0,0,0,CA,Palo Alto
Small,132000,1.0,0,0,0,CA,San Francisco
Small,900000,12.0,0,0,0,CA,San Jose
Small,310000,2.0,0,0,0,CA,San Francisco
Small,178000,1.0,0,0,0,CA,San Francisco
Medium,230000,1.0,0,0,0,CA,Cupertino
Small,195000,3.0,0,0,0,CA,San Jose
Small,180000,1.0,0,0,0,CA,San Francisco
Medium,195000,3.0,0,0,0,CA,San Francisco
Small,185000,5.0,0,0,0,CA,Mountain View
Small,655000,5.0,0,0,0,CA,Los Gatos
Large,150000,0.0,0,0,0,WA,Redmond
Large,150000,0.0,0,0,0,WA,Redmond
Small,195000,8.0,0,0,0,CA,San Francisco
Large,150000,7.0,0,0,0,WA,Redmond
Small,315000,10.0,0,0,0,WA,Seattle
Small,252000,6.0,0,0,0,CA,Sunnyvale
Small,235000,10.0,0,0,0,CA,San Jose
Small,200000,5.0,0,0,0,CA,San Francisco
Small,200000,5.0,0,0,0,CA,San Francisco
Small,118000,1.0,0,0,0,MA,Boston
Small,170000,3.0,0,0,0,WA,Seattle
Small,200000,4.0,0,0,0,CA,San Francisco
Small,200000,9.0,0,0,0,TX,Plano
Small,120000,2.0,0,0,0,OH,Columbus
Small,117000,7.0,0,0,0,CO,Colorado Springs
Large,123000,0.0,0,0,0,WA,Seattle
Large,270000,10.0,0,0,0,WA,Bellevue
Large,150000,0.0,0,0,0,WA,Redmond
Medium,634000,8.0,0,0,0,CA,Mountain View
Large,164000,0.0,0,0,0,MA,Cambridge
Small,178000,2.0,0,0,0,CA,San Francisco
Medium,225000,0.0,0,0,0,CA,San Francisco
Small,200000,3.0,0,0,0,OR,Portland
Large,245000,3.0,0,0,0,CA,Berkeley
Small,120000,2.0,0,0,0,CA,Irvine
Large,222000,10.0,0,0,0,WA,Bellevue
Large,201000,2.0,0,0,0,WA,Seattle
Small,70000,3.0,0,0,0,NC,Morrisville
Small,211000,3.0,0,0,0,CO,Boulder
Small,150000,2.0,0,0,0,NY,New York
Small,144000,13.0,0,0,0,VA,Richmond
Small,276000,4.0,0,0,0,CA,Mountain View
Large,250000,3.0,0,0,0,WA,Seattle
Small,215000,4.0,0,0,0,CA,San Francisco
Large,108000,1.0,0,0,0,WA,Redmond
Large,230000,2.0,0,0,0,WA,Seattle
Small,160000,2.0,0,0,0,CA,Sunnyvale
Large,240000,0.0,0,0,0,CA,Mountain View
Medium,200000,0.0,0,0,0,CA,Mountain View
Large,158000,1.0,0,0,0,CA,Sunnyvale
Large,165000,6.0,0,0,0,WA,Seattle
Medium,225000,4.0,0,0,0,CA,Mountain View
Medium,155000,5.0,0,0,0,DC,Washington
Large,304000,5.0,0,0,0,WA,Seattle
Large,133000,3.0,0,0,0,WA,Seattle
Medium,312000,4.0,0,0,0,CA,San Francisco
Medium,166000,0.0,0,0,0,CA,San Francisco
Small,190000,4.0,0,0,0,CA,San Jose
Small,300000,10.0,0,0,0,CA,Mountain View
Large,332000,1.0,0,0,1,CA,Palo Alto
Small,194000,2.0,0,0,0,CA,Mountain View
Small,110000,1.0,0,0,0,PA,Pittsburgh
Large,120000,3.0,0,0,0,WA,Seattle
Large,130000,5.0,0,0,0,WA,Redmond
Small,118000,2.0,0,0,0,WA,Seattle
Large,210000,4.0,0,0,0,WA,Seattle
Small,150000,0.0,0,0,0,NY,New York
Medium,207000,10.0,0,0,0,CA,Mountain View
Large,220000,5.0,0,0,0,WA,Seattle
Large,294000,1.0,0,0,0,WA,Seattle
Large,294000,1.0,0,0,0,WA,Seattle
Large,294000,1.0,0,0,0,WA,Seattle
Small,99000,1.0,0,0,0,NC,Raleigh
Medium,250000,1.0,0,0,0,WA,Seattle
Large,185000,4.0,0,0,0,CA,Palo Alto
Large,190000,2.0,0,0,0,CA,Menlo Park
Small,152000,4.0,0,0,0,VA,Reston
Large,225000,0.0,0,0,0,CA,Menlo Park
Small,155000,7.0,0,0,0,OR,Portland
Large,225000,5.0,0,0,0,WA,Redmond
Small,140000,2.0,0,0,0,OR,Hillsboro
Large,395000,15.0,0,0,0,WA,Seattle
Small,242000,1.0,0,0,0,CA,Sunnyvale
Medium,350000,5.0,0,0,0,CA,Sunnyvale
Small,70000,0.0,0,0,0,DE,Wilmington
Small,120000,5.0,0,0,0,NY,New York
Medium,150000,4.0,0,0,0,CA,Cupertino
Large,427000,10.0,0,0,0,WA,Redmond
Small,140000,2.0,0,0,0,NY,New York
Large,204000,3.0,0,0,0,WA,Seattle
Large,175000,5.0,0,0,0,WA,Redmond
Medium,310000,4.0,0,0,0,CA,San Francisco
Small,130000,5.0,0,0,0,NY,New York
Large,250000,3.0,0,0,0,WA,Seattle
Large,195000,9.0,0,0,0,CA,Menlo Park
Small,103000,0.0,0,0,0,TX,Houston
Small,345000,7.0,0,0,0,CA,San Francisco
Small,190000,10.0,0,0,0,NY,New York
Large,206000,4.0,0,0,0,CA,Menlo Park
Small,150000,0.0,0,0,0,CA,San Diego
Large,300000,1.0,0,0,0,WA,Seattle
Small,250000,3.0,0,0,0,CA,San Francisco
Large,220000,6.0,0,0,0,CA,San Francisco
Large,274000,7.0,0,0,0,CA,San Francisco
Small,165000,3.0,0,0,0,NY,New York
Large,178000,3.0,0,0,0,WA,Redmond
Medium,255000,1.0,0,0,0,CA,San Francisco
Medium,220000,1.0,0,0,0,CA,San Francisco
Small,330000,4.0,0,0,0,CA,San Francisco
Small,278000,7.0,0,0,0,CA,San Francisco
Large,216000,5.0,0,0,0,WA,Bellevue
Small,200000,3.0,0,0,0,CA,Sunnyvale
Medium,300000,1.0,0,0,0,CA,San Francisco
Medium,220000,1.0,0,0,0,CA,Redwood City
Large,222000,10.0,0,0,0,WA,Seattle
Large,270000,4.0,0,0,0,WA,Redmond
Medium,230000,3.0,0,0,0,WA,Seattle
Large,197000,5.0,0,0,0,PA,Pittsburgh
Small,119000,4.0,0,0,0,CO,Denver
Large,190000,1.0,0,0,0,CA,Menlo Park
Large,350000,12.0,0,0,0,CA,Menlo Park
Large,204000,4.0,0,0,0,NY,New York
Medium,248000,10.0,0,0,0,CA,Sunnyvale
Small,368000,0.0,0,0,0,CA,Los Gatos
Large,144000,1.0,0,0,0,CA,San Francisco
Large,228000,3.0,0,0,0,NY,New York
Small,108000,2.0,0,0,0,NY,New York
Small,297000,8.0,0,0,0,CA,San Francisco
Large,181000,4.0,0,0,0,NY,New York
Small,100000,1.0,0,0,0,NY,New York
Large,210000,4.0,0,0,0,CA,Menlo Park
Large,197000,5.0,0,0,0,PA,Pittsburgh
Small,230000,5.0,0,0,0,CA,Walnut Creek
Medium,265000,10.0,0,0,0,CA,Mountain View
Large,190000,3.0,0,0,0,CA,Menlo Park
Large,265000,5.0,0,0,0,CA,San Francisco
Large,199000,0.0,0,0,0,WA,Redmond
Large,173000,2.0,0,0,0,WA,Bellevue
Large,189000,0.0,0,0,0,CA,Menlo Park
Small,210000,12.0,0,0,0,NY,New York
Small,136000,5.0,0,0,0,IL,Chicago
Medium,430000,6.0,0,0,0,CA,San Francisco
Large,199000,0.0,0,0,0,WA,Redmond
Small,150000,1.0,0,0,0,NY,New York
Large,152000,8.0,0,0,0,WA,Redmond
Large,340000,10.0,0,0,0,CA,Menlo Park
Small,270000,10.0,0,0,0,CA,San Francisco
Small,177000,3.0,0,0,0,UT,Farmington
Small,163000,3.0,0,0,0,CA,San Diego
Medium,212000,4.0,0,0,0,CA,Cupertino
Medium,257000,12.0,0,0,0,CA,Mountain View
Large,185000,10.0,0,0,0,WA,Redmond
Small,185000,1.0,0,0,0,CA,Fremont
Medium,214000,5.0,0,0,0,CA,Cupertino
Medium,195000,0.0,0,0,0,CA,Mountain View
Small,160000,2.0,0,0,0,CA,Redwood City
Small,245000,2.0,0,0,0,CA,Sunnyvale
Large,210000,3.0,0,0,0,PA,Pittsburgh
Small,380000,8.0,0,0,0,CA,San Francisco
Small,136000,2.0,0,0,0,CA,San Francisco
Small,400000,6.0,0,0,0,CA,Santa Clara
Large,350000,15.0,0,0,0,WA,Redmond
Small,224000,3.0,0,0,0,WA,Seattle
Small,280000,4.0,0,0,0,CA,San Francisco
Small,137000,5.0,0,0,0,OH,Cincinnati
Large,285000,7.0,0,0,0,WA,Redmond
Large,165000,4.0,0,0,0,WA,Redmond
Small,200000,5.0,0,0,0,WA,Seattle
Small,70000,0.0,0,0,0,WA,Seattle
Large,232000,3.0,0,0,0,WA,Redmond
Small,125000,20.0,0,0,0,IL,Chicago
Large,180000,4.0,0,0,0,WA,Seattle
Large,185000,6.0,0,0,0,WA,Seattle
Large,160000,5.0,0,0,0,WA,Seattle
Small,176000,6.0,0,0,0,CO,Denver
Small,110000,0.0,0,0,0,TX,Plano
Large,250000,5.0,0,0,0,WA,Redmond
Large,280000,8.0,0,0,0,NY,New York
Small,95000,2.0,0,0,0,TX,Dallas
Large,120000,3.0,0,0,0,WA,Redmond
Small,140000,1.0,0,0,0,NY,New York
Medium,157000,2.0,0,0,0,CA,San Jose
Small,135000,3.0,0,0,0,CA,San Francisco
Small,240000,5.0,0,0,0,CA,San Francisco
Large,260000,5.0,0,0,0,WA,Redmond
Small,130000,2.0,0,0,0,NY,New York
Small,193000,6.0,0,0,0,AZ,Phoenix
Small,180000,0.0,0,0,0,CA,San Francisco
Small,180000,2.0,0,0,0,CA,South San Francisco
Small,138000,0.0,0,0,0,MN,Minneapolis
Small,115000,4.0,0,0,0,PA,Philadelphia
Small,110000,7.0,0,0,0,GA,Atlanta
Medium,177000,2.0,0,0,0,CA,San Francisco
Small,210000,1.0,0,0,1,CA,San Francisco
Small,525000,15.0,0,0,0,CA,Los Angeles
Medium,270000,5.0,0,0,0,CA,Sunnyvale
Large,162000,4.0,0,0,0,WA,Bellevue
Small,144000,3.0,0,0,0,NY,New York
Medium,130000,5.0,0,0,0,CA,San Jose
Medium,387000,12.0,0,0,0,CA,San Francisco
Small,210000,2.0,0,0,0,CA,Mountain View
Small,360000,5.0,0,0,0,CA,San Francisco
Small,242000,6.0,0,0,0,CA,San Francisco
Medium,265000,3.0,0,0,0,CA,San Francisco
Large,300000,2.0,0,0,0,CA,San Francisco
Small,90000,2.0,0,0,0,MA,Boston
Small,240000,7.0,0,0,0,CA,Milpitas
Large,168000,6.0,0,0,0,NY,New York
Small,318000,4.0,0,0,0,CA,Mountain View
Small,190000,4.0,0,0,0,WA,Bellevue
Large,310000,7.0,0,0,0,WA,Seattle
Large,250000,13.0,0,0,0,WA,Seattle
Large,228000,5.0,0,0,0,WA,Redmond
Small,110000,0.0,0,0,0,NY,New York
Small,210000,12.0,0,0,0,NJ,Jersey City
Large,170000,5.0,0,0,0,NY,New York
Small,290000,2.0,0,0,0,WA,Seattle
Large,290000,2.0,0,0,0,WA,Seattle
Small,190000,13.0,0,0,0,PA,Newtown Square
Small,270000,7.0,0,0,0,CA,Sunnyvale
Large,180000,2.0,0,0,0,WA,Redmond
Large,294000,1.0,0,0,0,WA,Seattle
Small,120000,3.0,0,0,0,CA,Palo Alto
Large,192000,10.0,0,0,0,WA,Seattle
Large,288000,6.0,0,0,0,WA,Redmond
Large,220000,8.0,0,0,0,WA,Redmond
Small,213000,1.0,0,0,0,CA,San Jose
Large,171000,7.0,0,0,0,CA,Sunnyvale
Large,186000,6.0,0,0,0,WA,Seattle
Large,250000,7.0,0,0,0,CA,Palo Alto
Large,146000,1.0,0,0,0,WA,Redmond
Large,155000,2.0,0,0,0,WA,Redmond
Small,100000,0.0,0,0,0,TX,Plano
Small,260000,9.0,0,0,0,CA,San Mateo
Small,149000,12.0,0,0,0,WA,Seattle
Small,190000,5.0,0,0,0,CA,San Francisco
Small,226000,3.0,0,0,0,WA,Bellevue
Large,240000,3.0,0,0,0,CA,Menlo Park
Large,190000,5.0,0,0,0,WA,Seattle
Large,266000,6.0,0,0,0,WA,Seattle
Small,150000,1.0,0,0,0,MA,Boston
Small,315000,8.0,0,0,0,NY,New York
Small,300000,4.0,0,0,0,WA,Seattle
Large,213000,4.0,0,0,0,WA,Seattle
Small,188000,0.0,0,0,0,CA,Sunnyvale
Small,200000,7.0,0,0,0,CA,Sunnyvale
Large,185000,8.0,0,0,0,WA,Redmond
Small,160000,5.0,0,0,0,CA,Redwood City
Small,142000,3.0,0,0,0,CA,San Francisco
Small,110000,4.0,0,0,0,NY,New York
Medium,268000,2.0,0,0,0,NY,New York
Medium,258000,4.0,0,0,0,CA,Cupertino
Small,450000,4.0,0,0,0,CA,Los Angeles
Medium,189000,0.0,0,0,0,CA,Sunnyvale
Small,155000,3.0,0,0,0,NY,New York
Small,212000,2.0,0,0,0,CA,Mountain View
Large,165000,0.0,0,0,0,WA,Redmond
Small,149000,1.0,0,0,0,CA,San Francisco
Large,147000,7.0,0,0,0,WA,Seattle
Small,92000,6.0,0,0,0,TX,Fort Worth
Large,202000,0.0,0,0,0,CA,Menlo Park
Small,65000,2.0,0,0,0,FL,Tampa
Small,147000,5.0,0,0,0,OH,Cincinnati
Large,240000,0.0,0,0,0,WA,Redmond
Large,304000,8.0,0,0,0,WA,Seattle
Large,232000,0.0,0,0,0,WA,Seattle
Small,170000,15.0,0,0,0,WA,Seattle
Large,309000,3.0,0,0,0,CA,Berkeley
Medium,273000,13.0,0,0,0,CA,Mountain View
Large,269000,15.0,0,0,0,CA,San Jose
Large,144000,1.0,0,0,0,CA,Menlo Park
Large,225000,3.0,0,0,0,CA,Palo Alto
Large,280000,0.0,0,0,0,CA,Sunnyvale
Small,232000,2.0,0,0,0,CA,San Francisco
Large,208000,8.0,0,0,0,WA,Redmond
Medium,340000,8.0,0,0,0,CA,Cupertino
Small,263000,6.0,0,0,0,CA,San Francisco
Large,170000,10.0,0,0,0,WA,Seattle
Small,159000,2.0,0,0,0,NY,New York
Medium,290000,4.0,0,0,0,CA,Cupertino
Large,253000,5.0,0,0,0,CA,Menlo Park
Medium,156000,2.0,0,0,0,CA,San Jose
Small,72000,2.0,0,0,0,VA,Norfolk
Small,158000,5.0,0,0,0,MI,Warren
Small,117000,3.0,0,0,0,AR,Bentonville
Small,222000,15.0,0,0,0,NY,New York
Medium,154000,2.0,0,0,0,CA,San Francisco
Small,250000,4.0,0,0,0,CA,Sunnyvale
Large,257000,10.0,0,0,0,CA,Palo Alto
Large,223000,2.0,0,0,0,WA,Redmond
Medium,306000,5.0,0,0,1,CA,Cupertino
Small,98000,6.0,0,0,0,AZ,Phoenix
Large,262000,14.0,0,0,0,WA,Redmond
Small,210000,3.0,0,0,0,CA,Sunnyvale
Small,164000,3.0,0,0,0,MI,Ann Arbor
Medium,158000,3.0,0,0,0,CA,San Jose
Large,180000,0.0,0,0,0,WA,Bellevue
Small,440000,11.0,0,0,0,WA,Seattle
Large,274000,5.0,0,0,0,CA,Menlo Park
Small,280000,8.0,0,0,0,CA,Sunnyvale
Medium,207000,0.0,0,0,0,CA,Sunnyvale
Large,247000,2.0,0,0,0,WA,Seattle
Medium,505000,6.0,0,0,0,CA,Cupertino
Large,212000,1.0,0,0,0,WA,Bellevue
Small,300000,19.0,1,0,0,NJ,Raritan
Large,168000,1.0,1,0,0,WA,Seattle
Small,150000,0.0,1,0,0,CA,San Francisco
Small,230000,3.0,0,0,0,CA,San Francisco
Small,265000,10.0,1,0,0,AR,Bentonville
Large,253000,8.0,0,0,0,NY,New York
Large,253000,8.0,0,0,0,NY,New York
Small,510000,8.0,0,0,1,IL,Illinois City
Large,150000,3.0,1,0,0,WA,Seattle
Small,256000,4.0,0,0,0,CA,San Francisco
Large,210000,10.0,0,0,0,DC,Washington
Small,191000,3.0,0,0,0,WA,Seattle
Large,149000,0.0,0,0,1,WA,Seattle
Small,180000,2.0,0,0,0,WA,Seattle
Small,85000,2.0,1,0,0,WI,Madison
Small,100000,3.0,0,0,1,MO,Kansas City
Large,262000,0.0,1,0,0,WA,Redmond
Medium,450000,8.0,0,0,1,CA,San Francisco
Small,160000,2.0,1,0,0,NY,New York
Small,465000,6.0,1,0,1,CA,Los Gatos
Small,260000,4.0,1,0,0,CA,Sunnyvale
Large,225000,0.0,1,0,0,CA,Sunnyvale
Small,230000,8.0,1,0,0,CA,Santa Clara
Medium,111000,1.0,0,0,1,NC,Durham
Small,122000,2.0,0,0,0,CA,Pleasanton
Small,170000,6.0,0,0,0,CA,Los Angeles
Small,90000,3.0,1,0,0,DC,Washington
Large,245000,8.0,1,0,0,CA,Menlo Park
Small,135000,5.0,1,0,0,MA,Boston
Large,295000,6.0,0,0,0,CA,Sunnyvale
Large,230000,25.0,0,0,0,WA,Seattle
Large,213000,0.0,1,0,0,WA,Bellevue
Small,147000,3.0,0,0,0,NY,New York
Small,138000,3.0,1,0,0,NY,New York
Small,165000,8.0,1,0,1,VA,Arlington
Small,104000,4.0,0,0,0,DC,Washington
Small,246000,3.0,1,0,0,CA,San Francisco
Small,142000,4.0,0,0,0,CA,San Ramon
Small,205000,8.0,0,0,0,NY,New York
Large,177000,0.0,1,0,0,CA,Menlo Park
Small,184000,7.0,1,0,0,WA,Seattle
Large,211000,2.0,1,0,0,CA,Menlo Park
Small,187000,0.0,0,0,0,CA,Los Angeles
Large,203000,0.0,0,0,1,CA,Menlo Park
Small,400000,17.0,1,0,1,NY,New York
Large,570000,15.0,0,0,1,CA,Menlo Park
Small,160000,3.0,0,0,0,NY,New York
Small,250000,4.0,1,0,0,CA,San Francisco
Large,144000,1.0,0,0,1,WA,Redmond
Small,165000,5.0,0,0,0,WA,Bellevue
Small,225000,8.0,1,0,1,WA,Seattle
Medium,180000,6.0,1,0,0,CA,San Francisco
Small,190000,6.0,1,0,0,CA,South San Francisco
Large,170000,6.0,1,0,0,WA,Seattle
Small,300000,7.0,0,0,1,CA,Mountain View
Medium,360000,16.0,0,0,0,CA,San Francisco
Small,125000,1.0,0,0,1,CA,Irvine
Large,180000,5.0,1,0,0,WA,Seattle
Small,232000,3.0,1,0,0,CA,San Francisco
Small,420000,2.0,0,0,1,CA,Los Angeles
Small,165000,6.0,0,0,0,GA,Atlanta
Small,525000,9.0,0,0,1,CA,Los Gatos
Large,450000,11.0,1,0,0,CA,San Francisco
Small,110000,0.0,0,0,0,MA,Boston
Medium,230000,10.0,0,0,1,CA,Cupertino
Small,280000,5.0,0,0,1,CA,San Francisco
Small,700000,7.0,0,0,1,CA,Los Angeles
Small,556000,3.0,1,0,0,MA,Boston
Medium,253000,3.0,0,0,0,CA,San Francisco
Large,500000,9.0,0,0,1,WA,Seattle
Medium,350000,11.0,0,0,1,CA,Cupertino
Large,340000,12.0,0,0,0,WA,Seattle
Small,270000,4.0,0,0,0,CA,San Francisco
Medium,366000,10.0,1,0,0,CA,San Francisco
Small,163000,5.0,1,0,0,CO,Broomfield
Small,580000,9.0,1,0,0,CA,San Francisco
Large,230000,10.0,1,0,0,WA,Seattle
Small,230000,4.0,1,0,0,CA,Mountain View
Large,173000,0.0,0,0,1,WA,Bellevue
Small,86000,0.0,1,0,0,MN,Saint Paul
Small,235000,1.0,0,0,1,CA,San Francisco
Medium,208000,0.0,0,0,1,CA,Cupertino
Small,113000,1.0,1,0,0,TX,Austin
Small,148000,1.0,1,0,0,NY,New York
Large,203000,3.0,0,0,1,WA,Redmond
Small,190000,5.0,1,0,0,IL,Chicago
Small,215000,5.0,1,0,0,CA,Mountain View
Small,139000,1.0,1,0,0,CA,Foster City
Small,220000,4.0,0,0,1,CA,San Francisco
Small,140000,3.0,1,0,0,NY,New York
Large,281000,15.0,0,0,0,WA,Redmond
Small,200000,1.0,1,0,1,CA,San Francisco
Small,370000,4.0,0,0,0,CA,Sunnyvale
Small,135000,1.0,0,0,0,CA,San Francisco
Medium,231000,10.0,1,0,0,CA,Cupertino
Medium,210000,6.0,1,0,0,CA,Cupertino
Large,215000,12.0,0,0,0,WA,Seattle
Medium,235000,5.0,1,0,0,CA,San Francisco
Large,123000,2.0,0,0,0,WA,Seattle
Medium,140000,3.0,0,0,0,GA,Atlanta
Large,215000,2.0,1,0,0,WA,Seattle
Small,220000,12.0,0,0,1,MA,Boston
Large,270000,4.0,0,0,0,NY,New York
Medium,149000,2.0,1,0,0,CA,San Francisco
Small,100000,0.0,0,0,0,IL,Chicago
Small,158000,2.0,1,0,0,CA,San Francisco
Small,156000,4.0,1,0,0,MA,Boston
Medium,365000,10.0,0,0,0,NY,New York
Large,215000,7.0,1,0,0,WA,Seattle
Small,221000,5.0,1,0,0,NY,New York
Small,318000,5.0,0,0,0,CA,San Francisco
Small,136000,0.0,1,0,0,TX,Round Rock
Large,187000,2.0,0,0,1,WA,Seattle
Medium,464000,20.0,1,0,1,CA,Palo Alto
Small,350000,8.0,0,0,0,CA,San Francisco
Large,194000,2.0,1,0,0,WA,Redmond
Medium,210000,7.0,0,0,0,WA,Seattle
Large,231000,5.0,0,0,0,CA,San Francisco
Small,151000,13.0,1,0,0,NC,Raleigh
Large,540000,10.0,0,0,1,WA,Seattle
Small,390000,20.0,0,0,0,CA,Santa Clara
Small,143000,0.0,1,0,0,WA,Seattle
Small,130000,6.0,0,0,0,DC,Washington
Large,265000,10.0,0,0,1,MA,Boston
Small,270000,3.0,0,0,1,NY,New York
Small,260000,5.0,1,0,0,CA,Sunnyvale
Small,192000,2.0,0,0,0,CA,San Francisco
Small,194000,5.0,1,0,0,VA,Arlington
Small,350000,13.0,0,0,1,CA,San Jose
Large,205000,2.0,1,0,0,NY,New York
Small,60000,2.0,0,0,0,MA,Boston
Small,420000,15.0,0,0,1,CA,San Jose
Small,205000,4.0,1,0,0,CA,San Jose
Small,185000,3.0,1,0,0,WA,Seattle
Large,210000,3.0,0,0,1,MA,Boston
Small,247000,10.0,0,0,0,DC,Washington
Medium,346000,12.0,0,0,1,WA,Seattle
Small,412000,13.0,1,0,0,CA,San Francisco
Large,236000,2.0,1,0,0,NY,New York
Medium,210000,0.0,0,0,1,CA,San Francisco
Small,120000,3.0,0,0,0,AZ,Phoenix
Small,250000,10.0,1,0,0,CA,San Francisco
Large,324000,6.0,0,0,0,CA,San Francisco
Small,135000,1.0,0,0,0,NY,New York
Small,140000,0.0,0,0,1,PA,Plymouth Meeting
Medium,300000,10.0,1,0,0,CA,Cupertino
Small,145000,4.0,1,0,0,GA,Atlanta
Small,173000,5.0,0,0,0,NY,New York
Large,141000,2.0,1,0,0,MA,Cambridge
Medium,175000,0.0,0,0,0,CA,Sunnyvale
Small,190000,4.0,0,0,1,NY,New York
Large,228000,2.0,0,0,1,NY,New York
Small,160000,20.0,0,0,0,NJ,Jersey City
Small,170000,5.0,0,0,0,NY,New York
Small,260000,5.0,0,0,1,CA,San Francisco
Small,180000,8.0,1,0,0,CA,South San Francisco
Large,211000,0.0,0,0,1,CA,Sunnyvale
Large,250000,5.0,1,0,0,CA,Menlo Park
Small,315000,18.0,1,0,0,TX,Dallas
Small,179000,11.0,0,0,0,CA,Sunnyvale
Small,256000,4.0,1,0,0,CA,San Francisco
Large,185000,0.0,1,0,0,WA,Seattle
Small,405000,6.0,0,0,0,CA,San Francisco
Small,200000,7.0,1,0,0,CA,South San Francisco
Large,155000,2.0,1,0,0,WA,Seattle
Small,145000,12.0,0,0,0,CA,San Jose
Small,168000,1.0,0,0,0,CA,San Francisco
Large,221000,8.0,0,0,1,WA,Seattle
Small,36000,2.0,0,0,0,IN,Brazil
Small,130000,2.0,1,0,0,NY,New York
Large,175000,3.0,1,0,0,WA,Seattle
Small,156000,7.0,1,0,0,CO,Broomfield
Small,280000,10.0,1,0,0,DC,Washington
Medium,175000,1.0,0,0,0,CA,San Francisco
Large,205000,0.0,0,0,1,WA,Redmond
Small,302000,3.0,0,0,0,CA,San Francisco
Small,203000,8.0,1,0,0,CA,Mountain View
Small,180000,5.0,1,0,0,OR,Portland
Medium,460000,10.0,0,0,0,CA,Mountain View
Medium,282000,9.0,1,0,0,CA,San Francisco
Large,200000,2.0,1,0,0,NY,New York
Small,185000,9.0,1,0,0,CA,Foster City
Large,191000,0.0,1,0,0,WA,Redmond
Small,100000,1.0,1,0,0,CA,Irvine
Small,240000,5.0,1,0,0,CA,San Francisco
Large,380000,17.0,0,0,1,CA,San Francisco
Large,260000,8.0,0,0,1,NY,New York
Large,200000,8.0,1,0,0,WA,Seattle
Large,315000,11.0,0,0,0,CA,Menlo Park
Small,150000,3.0,1,0,0,TX,Houston
Small,197000,5.0,0,0,0,CA,San Francisco
Medium,252000,6.0,1,0,0,CA,Cupertino
Large,250000,6.0,1,0,0,WA,Seattle
Small,300000,3.0,0,0,1,NY,New York
Small,279000,4.0,1,0,0,CA,San Francisco
Large,157000,0.0,1,0,0,CA,Menlo Park
Large,142000,2.0,0,0,1,WA,Redmond
Large,162000,3.0,0,0,0,WA,Redmond
Large,162000,1.0,1,0,0,WA,Seattle
Small,467000,2.0,0,0,1,CA,Los Gatos
Small,200000,7.0,0,0,1,CA,Los Angeles
Large,132000,15.0,1,0,0,MA,Cambridge
Medium,120000,0.0,1,0,0,NY,Armonk
Large,295000,5.0,0,0,1,CA,San Francisco
Small,143000,4.0,1,0,0,AZ,Chandler
Large,221000,10.0,1,0,0,CA,Menlo Park
Large,275000,10.0,0,0,1,CA,San Francisco
Small,220000,4.0,0,0,0,WA,Seattle
Medium,330000,2.0,0,0,1,CA,San Francisco
Small,330000,5.0,0,0,1,CA,Sunnyvale
Large,180000,2.0,1,0,0,WA,Redmond
Small,330000,0.0,0,0,1,NY,New York
Small,220000,6.0,0,0,0,CA,San Francisco
Small,325000,2.0,0,0,0,CA,San Francisco
Medium,270000,5.0,1,0,0,CA,San Francisco
Small,295000,5.0,0,0,0,CA,San Francisco
Small,110000,5.0,0,0,0,MA,Boston
Small,140000,6.0,0,0,1,GA,Atlanta
Medium,179000,3.0,0,0,0,CA,San Jose
Small,157000,2.0,0,0,1,NY,New York
Large,220000,10.0,1,0,0,WA,Redmond
Small,275000,8.0,0,0,0,CA,San Francisco
Large,185000,3.0,0,0,0,NY,New York
Small,400000,6.0,1,0,0,CA,Los Gatos
Small,140000,2.0,1,0,0,CA,Santa Clara
Small,165000,9.0,1,0,0,WA,Seattle
Small,266000,4.0,1,0,0,CO,Boulder
Medium,252000,5.0,1,0,0,CA,Cupertino
Large,245000,11.0,1,0,0,WA,Seattle
Large,154000,0.0,0,0,0,WA,Seattle
Large,320000,8.0,0,0,1,WA,Seattle
Small,207000,4.0,1,0,0,MA,Boston
Small,144000,26.0,1,0,0,DC,Washington
Small,189000,3.0,1,0,0,CA,San Bruno
Large,200000,3.0,1,0,0,CA,Menlo Park
Small,450000,4.0,0,0,1,CA,San Francisco
Small,191000,10.0,0,0,0,NY,New York
Small,400000,5.0,0,0,0,CA,San Francisco
Large,191000,4.0,1,0,0,CA,Palo Alto
Small,296000,4.0,0,0,0,CA,San Francisco
Small,140000,0.0,0,0,1,MA,Boston
Large,300000,3.0,0,0,1,WA,Seattle
Medium,451000,12.0,1,0,0,CA,Palo Alto
Small,321000,5.0,0,0,0,CA,Redwood City
Small,200000,7.0,1,0,0,CA,San Francisco
Medium,332000,7.0,1,0,0,CA,San Francisco
Small,170000,2.0,1,0,0,CA,San Jose
Small,175000,2.0,0,0,1,CA,San Diego
Small,192000,4.0,1,0,0,NY,New York
Large,325000,7.0,1,0,0,CA,San Francisco
Small,190000,15.0,1,0,0,WA,Seattle
Large,211000,0.0,0,0,1,CA,Sunnyvale
Small,128000,2.0,1,0,0,NY,New York
Small,150000,1.0,0,0,0,MN,Minneapolis
Small,165000,4.0,0,0,1,CA,Los Angeles
Small,230000,2.0,0,0,0,NY,New York
Small,141000,3.0,0,0,1,DC,Washington
Large,158000,6.0,1,0,0,WA,Seattle
Small,730000,12.0,0,0,0,CA,San Francisco
Small,110000,5.0,0,0,0,DC,Washington
Large,167000,2.0,1,0,0,WA,Seattle
Small,300000,0.0,0,0,0,NY,New York
Small,230000,6.0,1,0,0,WA,Bellevue
Large,370000,5.0,0,0,1,NY,New York
Small,75000,1.0,1,0,0,VA,Fairfax
Small,280000,2.0,1,0,0,CA,San Francisco
Large,190000,2.0,0,0,1,WA,Redmond
Small,160000,7.0,1,0,0,MA,Boston
Small,155000,4.0,0,0,1,GA,Atlanta
Medium,645000,7.0,1,0,1,WA,Redmond
Small,170000,6.0,1,0,0,WA,Seattle
Small,263000,11.0,1,0,0,AR,Bentonville
Small,125000,1.0,0,0,0,CA,San Francisco
Small,134000,2.0,1,0,0,TX,Austin
Small,250000,4.0,1,0,0,CA,Emeryville
Small,300000,5.0,0,0,0,OR,Portland
Small,206000,4.0,0,0,0,WA,Seattle
Small,213000,2.0,0,0,1,CA,San Francisco
Large,172000,0.0,0,0,1,GA,Atlanta
Small,245000,5.0,0,0,1,OR,Portland
Large,156000,16.0,1,0,0,CA,San Juan Bautista
Large,156000,16.0,1,0,0,CA,San Juan Bautista
Small,190000,4.0,0,0,0,NY,New York
Medium,215000,2.0,1,0,1,CA,San Francisco
Large,222000,2.0,0,0,1,NC,Charlotte
Small,236000,2.0,1,0,0,CA,San Francisco
Small,180000,5.0,0,0,0,NY,New York
Medium,169000,3.0,0,0,0,CA,Los Angeles
Small,140000,1.0,0,0,0,DC,Washington
Small,146000,3.0,1,0,0,CA,San Jose
Small,140000,7.0,0,0,0,CA,Redwood City
Small,380000,2.0,1,0,1,CA,Santa Monica
Small,175000,3.0,1,0,0,CA,Foster City
Small,230000,7.0,1,0,0,CA,San Francisco
Large,195000,5.0,1,0,0,WA,Redmond
Medium,311000,8.0,1,0,0,CA,San Francisco
Small,75000,0.0,1,0,0,IL,Naperville
Small,300000,10.0,0,0,1,CA,Sunnyvale
Small,131000,6.0,1,0,0,AR,Bentonville
Medium,98000,0.0,0,0,0,IL,Chicago
Large,220000,3.0,1,0,0,NY,New York
Large,167000,2.0,1,0,0,WA,Seattle
Large,225000,2.0,1,0,0,CA,Menlo Park
Small,350000,6.0,0,0,1,MA,Cambridge
Small,136000,4.0,0,0,0,IL,Chicago
Small,108000,0.0,1,0,0,CT,Hartford
Small,115000,4.0,1,0,0,DC,Washington
Large,228000,3.0,0,0,1,NY,New York
Medium,162000,1.0,0,0,0,CA,San Francisco
Small,375000,0.0,0,0,0,CA,Los Gatos
Small,160000,8.0,1,0,0,TX,Houston
Small,90000,2.0,1,0,0,CA,Irvine
Large,262000,2.0,1,0,0,NY,New York
Small,340000,10.0,0,0,1,CA,San Francisco
Small,110000,2.0,0,0,0,NC,Raleigh
Large,170000,3.0,1,0,0,CA,San Francisco
Small,173000,7.0,0,0,1,OR,Hillsboro
Small,220000,7.0,1,0,1,CA,San Jose
Small,180000,5.0,0,0,1,NC,Charlotte
Small,213000,3.0,0,0,1,CA,San Diego
Small,153000,1.0,0,0,0,CA,Sunnyvale
Small,165000,0.0,0,0,1,CA,San Francisco
Small,320000,6.0,0,0,0,CA,San Francisco
Medium,220000,4.0,0,0,0,CA,San Francisco
Small,177000,2.0,1,0,0,WA,Seattle
Medium,120000,2.0,1,0,0,GA,Atlanta
Medium,100000,0.0,1,0,0,GA,Atlanta
Medium,270000,3.0,0,0,1,CA,Mountain View
Small,244000,5.0,1,0,0,CO,Boulder
Small,450000,5.0,0,0,0,CA,San Francisco
Small,100000,2.0,1,0,0,NC,Raleigh
Small,175000,2.0,1,0,0,CA,Santa Clara
Large,550000,7.0,0,0,1,CA,Sunnyvale
Small,237000,4.0,1,0,0,CA,San Francisco
Small,142000,4.0,1,0,0,WA,Seattle
Small,150000,1.0,1,0,0,NY,New York
Small,190000,5.0,1,0,0,CA,Mountain View
Large,330000,10.0,1,0,0,CA,San Francisco
Large,314000,7.0,1,0,0,CA,Palo Alto
Small,105000,2.0,0,0,1,FL,Gainesville
Large,150000,3.0,1,0,0,WA,Redmond
Small,140000,3.0,1,0,0,VA,Fairfax
Small,98000,4.0,0,0,0,VA,Alexandria
Medium,270000,5.0,0,0,0,CA,Cupertino
Small,125000,1.0,0,0,1,NY,New York
Small,150000,4.0,1,0,0,NY,New York
Small,160000,3.0,1,0,0,NY,New York
Small,318000,6.0,0,0,1,FL,Miami
Large,216000,4.0,0,0,1,CA,Palo Alto
Large,170000,5.0,1,0,0,WA,Seattle
Small,184000,3.0,0,0,0,CA,Pleasanton
Large,191000,1.0,0,0,1,WA,Redmond
Small,200000,4.0,0,0,0,CA,San Francisco
Medium,270000,4.0,0,0,1,CA,Sunnyvale
Small,165000,4.0,0,0,1,CA,Santa Monica
Large,191000,3.0,1,0,0,NY,New York
Small,222000,7.0,0,0,1,CA,San Francisco
Small,134000,2.0,0,0,1,VA,Richmond
Medium,144000,2.0,1,0,0,CA,Cupertino
Large,140000,2.0,0,0,1,WA,Seattle
Small,335000,5.0,1,0,1,WA,Seattle
Large,210000,2.0,0,0,1,WA,Seattle
Medium,270000,13.0,0,0,0,NY,Armonk
Small,127000,2.0,1,0,0,IL,Chicago
Small,128000,2.0,0,0,1,VA,Arlington
Small,230000,10.0,1,0,0,CA,San Jose
Medium,471000,16.0,0,0,0,CA,San Francisco
Medium,131000,3.0,0,0,0,CA,San Francisco
Medium,328000,4.0,1,0,1,CA,San Francisco
Small,153000,1.0,1,0,0,CA,San Jose
Large,230000,5.0,1,0,0,WA,Seattle
Small,150000,4.0,1,0,0,CA,San Francisco
Small,168000,4.0,0,0,0,CA,San Francisco
Small,80000,2.0,0,0,0,WA,Bellevue
Small,142000,6.0,1,0,0,GA,Atlanta
Medium,213000,0.0,1,0,1,CA,Sunnyvale
Small,175000,1.0,1,0,0,CA,Sunnyvale
Large,184000,1.0,1,0,0,WA,Redmond
Small,116000,6.0,1,0,0,FL,Orlando
Small,170000,23.0,1,0,0,MI,Ann Arbor
Small,78000,3.0,1,0,0,GA,Atlanta
Large,300000,12.0,0,0,0,WA,Seattle
Medium,320000,8.0,0,0,1,WA,Seattle
Small,160000,3.0,1,0,0,CA,Sunnyvale
Large,210000,4.0,1,0,0,CA,Palo Alto
Large,250000,4.0,1,0,0,WA,Seattle
Medium,385000,6.0,1,0,0,CA,Cupertino
Medium,382000,7.0,0,0,1,CA,Cupertino
Small,180000,1.0,0,0,1,CA,San Francisco
Large,200000,2.0,1,0,0,CA,San Francisco
Large,176000,5.0,1,0,0,WA,Seattle
Large,160000,10.0,1,0,0,WA,Seattle
Small,280000,4.0,0,0,1,CA,San Francisco
Small,180000,3.0,0,0,1,CA,Sunnyvale
Medium,350000,7.0,0,0,0,CA,San Francisco
Large,220000,4.0,0,0,0,NY,New York
Medium,284000,11.0,1,0,0,CA,Mountain View
Large,235000,5.0,0,0,0,CA,Menlo Park
Small,135000,1.0,0,0,0,NY,New York
Large,247000,7.0,0,0,0,WA,Seattle
Small,125000,4.0,1,0,0,CA,Redwood City
Small,160000,5.0,1,0,0,DC,Washington
Small,127000,2.0,1,0,0,MA,Boston
Large,300000,11.0,1,0,0,CA,Fremont
Small,300000,2.0,0,0,1,WA,Seattle
Small,232000,6.0,0,0,0,CA,San Jose
Medium,256000,5.0,0,0,0,CA,San Francisco
Small,110000,5.0,1,0,0,NY,New York
Medium,220000,1.0,1,0,0,CA,Cupertino
Small,165000,3.0,0,0,0,CA,San Francisco
Small,109000,2.0,0,0,0,DC,Washington
Medium,246000,10.0,0,0,1,CA,Sunnyvale
Small,194000,3.0,0,0,0,NY,New York
Large,300000,20.0,1,0,0,CA,San Jose
Small,106000,1.0,0,0,0,TX,Houston
Large,212000,10.0,1,0,0,WA,Seattle
Small,180000,4.0,1,0,0,CA,Sunnyvale
Small,143000,10.0,1,0,0,WA,Seattle
Small,150000,2.0,1,0,0,AZ,Arizona City
Large,390000,5.0,1,0,1,CA,Berkeley
Small,222000,4.0,0,0,0,WA,Seattle
Small,150000,4.0,1,0,0,WA,Bellevue
Small,238000,6.0,1,0,0,CA,Mountain View
Medium,480000,20.0,1,0,0,CA,Los Angeles
Small,310000,9.0,1,0,1,CA,San Francisco
Small,102000,4.0,1,0,0,MN,Minneapolis
Medium,175000,10.0,1,0,0,CA,San Jose
Small,140000,0.0,0,0,1,NJ,Titusville
Large,151000,5.0,0,0,0,WA,Seattle
Large,250000,5.0,0,0,0,CA,San Diego
Medium,170000,3.0,0,1,0,CA,San Francisco
Large,205000,0.0,0,0,1,CA,Menlo Park
Large,220000,4.0,0,0,1,WA,Bellevue
Small,216000,2.0,1,0,0,CA,San Jose
Small,223000,10.0,0,0,1,CA,San Francisco
Large,185000,25.0,0,1,0,MA,Cambridge
Small,98000,0.0,0,1,0,TX,Dallas
Large,297000,2.0,0,0,1,WA,Seattle
Small,147000,1.0,0,0,1,OR,Hillsboro
Small,131000,1.0,0,0,1,WA,Seattle
Medium,197000,2.0,1,0,0,CA,Sunnyvale
Small,297000,13.0,1,0,0,CA,San Jose
Large,140000,3.0,1,0,0,WA,Seattle
Small,152000,5.0,1,0,0,WA,Redmond
Medium,246000,6.0,0,1,0,CA,Cupertino
Small,220000,8.0,0,0,0,WA,Seattle
Large,156000,0.0,1,0,0,NY,New York
Large,185000,4.0,1,0,0,CA,Sunnyvale
Medium,489000,12.0,0,0,0,CA,Mountain View
Small,102000,0.0,1,0,0,VA,Richmond
Medium,400000,17.0,1,0,0,CA,Cupertino
Small,40000,16.0,1,0,0,TX,Italy
Small,105000,1.0,1,0,0,NY,New York
Medium,240000,9.0,0,0,0,CA,Mountain View
Medium,160000,4.0,0,0,0,CA,San Francisco
Large,220000,4.0,0,0,0,NY,New York
Small,134000,1.0,0,0,0,CO,Denver
Small,170000,4.0,0,0,0,CA,San Francisco
Small,220000,4.0,0,0,0,CA,San Jose
Large,210000,0.0,0,0,1,CA,Menlo Park
Small,74000,3.0,0,0,0,OH,Berlin Center
Small,169000,5.0,0,1,0,NY,New York
Small,147000,3.0,1,0,0,CA,San Francisco
Small,78000,1.0,0,1,0,FL,Tampa
Small,120000,3.0,0,0,0,NY,New York
Medium,130000,3.0,1,0,0,NY,New York
Medium,200000,9.0,0,0,0,OH,Cleveland
Medium,289000,15.0,0,0,1,TX,Austin
Small,140000,1.0,0,0,1,MA,Boston
Small,185000,10.0,0,0,0,CA,San Francisco
Large,165000,1.0,0,0,1,WA,Seattle
Small,97000,0.0,0,0,0,CA,Los Angeles
Large,321000,15.0,0,0,0,CA,Menlo Park
Large,208000,3.0,0,0,0,CA,Menlo Park
Medium,220000,7.0,0,0,1,CA,Sunnyvale
Small,188000,5.0,0,0,0,NY,New York
Small,160000,4.0,1,0,0,CA,San Francisco
Small,203000,1.0,1,0,0,CA,San Francisco
Small,180000,5.0,0,0,0,MA,Boston
Large,177000,0.0,1,0,0,CA,Menlo Park
Small,385000,4.0,0,0,0,CA,San Francisco
Small,204000,0.0,0,0,1,CA,Santa Clara
Small,117000,2.0,0,1,0,CA,Redwood City
Small,104000,2.0,0,1,0,CA,San Francisco
Large,238000,2.0,0,0,0,CA,Sunnyvale
Small,123000,2.0,1,0,0,NY,New York
Small,150000,5.0,1,0,0,AZ,Arizona City
Small,290000,15.0,0,0,0,CA,Campbell
Small,140000,4.0,0,0,0,CA,San Diego
Large,210000,3.0,0,0,0,CA,Menlo Park
Small,168000,1.0,1,0,0,CA,San Diego
Small,310000,7.0,0,0,0,CA,San Francisco
Small,195000,4.0,0,0,1,WA,Seattle
Small,196000,3.0,0,0,0,CA,South San Francisco
Small,270000,4.0,0,0,0,CA,San Francisco
Large,253000,5.0,0,1,0,CA,San Francisco
Medium,200000,0.0,1,0,0,CA,Cupertino
Small,77000,3.0,0,0,0,AZ,Phoenix
Small,346000,12.0,1,0,0,CA,San Jose
Medium,130000,2.0,0,0,0,CA,Sunnyvale
Small,85000,1.0,0,1,0,WA,Seattle
Large,325000,5.0,1,0,0,CA,San Francisco
Small,200000,25.0,0,0,0,OR,Beaverton
Small,215000,8.0,0,0,0,CA,San Mateo
Small,175000,2.0,0,0,1,CA,San Diego
Small,250000,10.0,0,0,0,NC,Charlotte
Large,212000,3.0,0,0,0,CA,Menlo Park
Small,300000,10.0,0,0,0,CA,San Bruno
Small,194000,3.0,0,1,0,CA,Pleasanton
Small,176000,4.0,0,0,0,CA,San Francisco
Medium,215000,2.0,0,0,1,CA,Cupertino
Small,125000,3.0,1,0,0,AR,Bentonville
Large,340000,13.0,1,0,0,CA,Palo Alto
Medium,292000,15.0,0,0,1,CA,Cupertino
Small,400000,3.0,0,0,1,CA,Los Gatos
Large,162000,3.0,0,0,0,WA,Redmond
Small,260000,1.0,1,0,0,CA,San Jose
Large,150000,1.0,0,0,0,WA,Seattle
Small,180000,4.0,0,0,0,CA,Santa Monica
Small,115000,1.0,0,0,1,MI,Detroit
Small,473000,15.0,0,1,0,CA,Los Angeles
Small,155000,3.0,0,0,0,TX,Plano
Small,93000,4.0,0,1,0,DC,Washington
Medium,154000,6.0,1,0,0,CA,Sunnyvale
Medium,277000,9.0,0,0,1,CA,Mountain View
Small,260000,10.0,0,0,0,NY,New York
Small,250000,12.0,0,0,0,CA,San Diego
Small,106000,1.0,0,0,0,GA,Atlanta
Small,182000,3.0,0,0,0,CA,San Jose
Small,210000,2.0,1,0,0,CA,San Francisco
Small,350000,4.0,0,0,0,NY,New York
Small,280000,5.0,0,0,0,CA,San Jose
Small,245000,1.0,0,0,0,CA,San Francisco
Medium,407000,4.0,0,0,1,CA,Cupertino
Small,69000,0.0,0,1,0,TX,Dallas
Small,110000,3.0,0,0,0,ID,Boise
Large,212000,12.0,0,0,0,WA,Seattle
Small,212000,5.0,1,0,0,CA,San Francisco
Large,171000,3.0,0,0,0,WA,Redmond
Medium,330000,8.0,1,0,0,CA,Cupertino
Medium,60000,2.0,0,1,0,MO,Columbia
Small,100000,1.0,1,0,0,NY,New York
Large,280000,7.0,0,0,0,WA,Seattle
Small,135000,5.0,1,0,0,NJ,Bridgewater
Medium,110000,4.0,0,0,0,CO,Denver
Small,245000,5.0,1,0,0,NY,New York
Large,228000,3.0,0,1,0,CA,Menlo Park
Medium,386000,9.0,0,0,0,CA,San Francisco
Large,212000,7.0,0,0,0,WA,Seattle
Small,86000,4.0,0,0,0,OH,Berlin Center
Large,167000,1.0,0,1,0,CA,Menlo Park
Small,199000,3.0,0,0,0,CA,Sunnyvale
Small,240000,15.0,1,0,0,CT,Stamford
Small,150000,2.0,0,0,0,MA,Waltham
Small,205000,3.0,0,0,1,CA,Palo Alto
Medium,105000,4.0,0,1,0,OH,Columbus
Small,175000,2.0,0,0,0,CA,Los Angeles
Large,400000,6.0,0,0,0,WA,Seattle
Small,100000,0.0,0,0,0,NY,New York
Small,150000,5.0,0,0,0,CA,San Francisco
Medium,210000,8.0,0,0,0,WA,Seattle
Small,220000,8.0,0,0,0,NY,New York
Small,178000,6.0,0,1,0,NY,New York
Small,78000,2.0,0,0,0,AZ,Arizona City
Small,165000,9.0,0,1,0,TX,Dallas
Small,354000,7.0,1,0,0,CA,Santa Clara
Large,153000,5.0,1,0,0,WA,Seattle
Medium,195000,1.0,0,0,1,CA,San Francisco
Large,257000,15.0,0,1,0,WA,Seattle
Large,320000,10.0,0,0,0,WA,Seattle
Small,250000,16.0,0,0,0,NY,New York
Small,200000,0.0,0,1,0,CA,San Francisco
Large,207000,11.0,0,0,0,WA,Redmond
Medium,208000,7.0,0,1,0,CA,Sunnyvale
Medium,140000,5.0,1,0,0,CA,San Jose
Large,217000,5.0,0,0,0,CA,Menlo Park
Small,192000,0.0,0,1,0,CA,San Francisco
Large,205000,10.0,0,0,0,WA,Redmond
Small,175000,2.0,1,0,0,CA,Redwood City
Small,160000,12.0,1,0,0,DC,Washington
Small,222000,10.0,0,0,1,WA,Seattle
Small,160000,4.0,0,0,1,GA,Atlanta
Small,210000,4.0,0,1,0,CA,San Francisco
Large,126000,1.0,0,1,0,TN,Antioch
Large,310000,6.0,1,0,0,WA,Seattle
Large,209000,10.0,0,0,0,WA,Redmond
Medium,260000,15.0,0,0,0,CA,San Francisco
Small,300000,8.0,1,0,0,CA,San Francisco
Large,260000,5.0,0,0,1,WA,Seattle
Small,300000,6.0,0,0,0,CA,San Francisco
Small,325000,15.0,0,0,1,CA,San Francisco
Small,125000,20.0,1,0,0,NY,New York
Medium,217000,3.0,0,0,1,CA,San Francisco
Large,209000,2.0,0,0,1,WA,Redmond
Large,209000,5.0,1,0,0,WA,Redmond
Small,387000,4.0,0,0,0,WA,Seattle
Small,97000,2.0,0,1,0,OH,Cleveland
Large,248000,15.0,1,0,0,WA,Redmond
Small,276000,8.0,0,0,1,CA,San Francisco
Small,220000,5.0,0,0,0,CA,San Francisco
Small,410000,10.0,0,0,0,CA,Los Gatos
Small,165000,7.0,0,1,0,OR,Portland
Medium,156000,3.0,1,0,0,CA,San Jose
Large,300000,7.0,1,0,0,WA,Seattle
Small,305000,6.0,0,0,1,CA,San Francisco
Large,170000,5.0,1,0,0,WA,Seattle
Large,234000,8.0,0,0,1,WA,Seattle
Large,201000,0.0,0,0,0,WA,Bellevue
Large,194000,3.0,1,0,0,WA,Bellevue
Small,180000,4.0,0,0,1,MA,Boston
Large,400000,16.0,0,0,1,WA,Redmond
Small,167000,3.0,0,0,0,NY,New York
Small,255000,23.0,1,0,0,KS,Kansas City
Medium,350000,2.0,0,0,1,CA,Sunnyvale
Small,200000,2.0,0,0,0,NY,New York
Small,260000,7.0,0,0,1,WA,Seattle
Small,245000,5.0,0,1,0,CA,San Francisco
Small,190000,8.0,0,0,0,CA,San Francisco
Small,75000,3.0,0,1,0,IL,Chicago
Small,194000,15.0,1,0,0,NY,New York
Small,105000,9.0,1,0,0,NC,Charlotte
Small,134000,5.0,1,0,0,NJ,Bridgewater
Large,220000,1.0,0,0,0,WA,Seattle
Medium,145000,5.0,1,0,0,NY,Armonk
Large,170000,3.0,1,0,0,TX,Austin
Small,280000,6.0,0,0,0,CA,San Jose
Small,81000,0.0,0,1,0,PA,Philadelphia
Small,138000,4.0,1,0,0,TX,Austin
Small,193000,5.0,0,0,1,CA,Santa Clara
Medium,228000,0.0,0,0,1,CA,Sunnyvale
Small,205000,9.0,0,0,0,NY,New York
Small,188000,6.0,1,0,0,NY,New York
Large,320000,9.0,1,0,0,WA,Redmond
Small,103000,1.0,0,1,0,CT,Shelton
Small,200000,9.0,0,0,0,OR,Hillsboro
Large,194000,5.0,0,0,1,WA,Bellevue
Small,110000,5.0,0,0,0,CT,Hartford
Small,122000,5.0,1,0,0,IL,Chicago
Large,227000,3.0,0,1,0,WA,Redmond
Large,168000,5.0,1,0,0,WA,Redmond
Large,229000,0.0,0,0,1,WA,Bellevue
Large,250000,8.0,1,0,0,WA,Seattle
Small,195000,2.0,0,0,0,WA,Bellevue
Small,100000,2.0,1,0,0,CA,San Jose
Large,154000,0.0,0,0,0,WA,Seattle
Large,236000,5.0,0,1,0,CA,San Francisco
Small,152000,3.0,1,0,0,CA,Los Angeles
Small,200000,1.0,0,0,0,CA,San Francisco
Medium,240000,4.0,0,0,0,CA,Cupertino
Small,270000,22.0,0,1,0,OR,Portland
Small,88000,5.0,0,0,0,NY,New York
Small,92000,2.0,0,0,0,RI,Woonsocket
Small,270000,1.0,0,0,0,CA,San Francisco
Small,150000,1.0,0,0,1,MA,Boston
Large,225000,1.0,1,0,0,WA,Seattle
Small,217000,5.0,0,0,0,CA,San Francisco
Small,309000,5.0,0,0,1,WA,Seattle
Small,90000,2.0,1,0,0,IN,Indianapolis
Large,710000,13.0,0,0,0,WA,Seattle
Small,96000,3.0,0,0,0,CA,San Jose
Small,233000,0.0,0,0,0,CA,Sunnyvale
Small,95000,5.0,1,0,0,PA,Newtown Square
Small,463000,5.0,0,0,0,CA,San Francisco
Large,240000,7.0,0,0,0,WA,Seattle
Small,198000,6.0,1,0,0,CA,Mountain View
Small,200000,2.0,0,0,0,CA,Santa Clara
Small,146000,2.0,1,0,0,MA,Boston
Small,330000,4.0,0,0,0,CA,San Francisco
Large,220000,5.0,1,0,0,CA,Menlo Park
Medium,144000,2.0,1,0,0,NY,Armonk
Medium,110000,0.0,1,0,0,NY,New York
Small,200000,0.0,0,1,0,CA,San Francisco
Small,136000,3.0,0,0,0,DC,Washington
Small,170000,1.0,0,0,0,NY,New York
Small,110000,3.0,1,0,0,NY,New York
Small,90000,3.0,0,1,0,VA,Fairfax
Small,164000,1.0,1,0,0,CA,San Francisco
Medium,274000,20.0,0,0,1,CA,Irvine
Large,156000,2.0,0,0,1,WA,Seattle
Small,385000,8.0,0,0,0,CA,San Francisco
Small,115000,3.0,1,0,0,TX,San Antonio
Small,216000,3.0,0,0,0,CA,San Francisco
Large,290000,4.0,0,1,0,CA,Menlo Park
Small,243000,2.0,1,0,0,CA,Menlo Park
Medium,232000,12.0,1,0,0,CA,Cupertino
Small,182000,0.0,0,1,0,CA,San Jose
Small,323000,5.0,0,0,1,CA,San Francisco
Small,150000,6.0,1,0,0,CA,San Francisco
Small,237000,4.0,1,0,0,NY,New York
Small,520000,5.0,0,0,1,CA,San Jose
Medium,324000,3.0,1,0,0,CA,Cupertino
Large,155000,1.0,0,0,0,WA,Seattle
Small,270000,0.0,0,0,1,CA,San Francisco
Large,127000,3.0,0,0,0,WA,Seattle
Small,330000,7.0,0,0,0,CA,San Francisco
Large,159000,2.0,1,0,0,WA,Redmond
Small,300000,5.0,0,0,0,CA,Cupertino
Small,170000,5.0,0,0,0,CA,San Francisco
Small,112000,4.0,0,0,0,NC,Raleigh
Small,185000,4.0,0,0,0,WA,Seattle
Large,150000,4.0,0,0,0,WA,Seattle
Large,600000,20.0,0,0,0,WA,Seattle
Small,265000,12.0,0,0,0,AR,Bentonville
Small,170000,3.0,0,0,0,CA,Sacramento
Small,195000,0.0,0,0,0,CA,Palo Alto
Small,270000,10.0,0,0,0,CA,Foster City
Small,157000,10.0,1,0,0,DC,Washington
Small,326000,7.0,0,0,1,WA,Kirkland
Large,190000,2.0,1,0,0,CA,Menlo Park
Large,180000,2.0,0,0,0,CA,Menlo Park
Small,250000,8.0,0,0,0,CA,Sunnyvale
Small,129000,5.0,1,0,0,TX,Dallas
Small,120000,5.0,1,0,0,NC,Raleigh
Small,166000,10.0,0,0,1,GA,Atlanta
Medium,220000,6.0,0,0,0,CA,San Francisco
Large,206000,0.0,1,0,0,WA,Seattle
Small,154000,1.0,0,0,0,NC,Charlotte
Small,155000,8.0,0,0,0,VA,Reston
Large,220000,3.0,1,0,0,CA,Menlo Park
Small,189000,5.0,0,0,1,CA,San Francisco
Small,150000,4.0,0,0,0,MA,Boston
Small,250000,5.0,0,0,0,OR,Portland
Medium,232000,10.0,0,0,1,CA,San Francisco
Medium,210000,1.0,0,0,0,CA,San Francisco
Small,229000,2.0,0,0,1,CA,San Francisco
Small,490000,12.0,0,0,0,CA,San Francisco
Small,272000,5.0,0,1,0,WA,Seattle
Medium,358000,5.0,0,0,0,CA,Cupertino
Medium,180000,5.0,0,0,0,CA,San Francisco
Medium,220000,5.0,1,0,0,CA,San Francisco
Large,338000,10.0,0,0,0,CA,San Francisco
Small,181000,1.0,1,0,0,CA,San Jose
Small,120000,2.0,0,0,0,NY,New York
Small,90000,1.0,0,0,0,DC,Washington
Small,200000,6.0,0,0,0,NY,New York
Large,182000,2.0,0,1,0,WA,Bellevue
Large,210000,6.0,1,0,0,WA,Seattle
Small,140000,3.0,1,0,0,NY,New York
Large,230000,4.0,1,0,0,WA,Redmond
Small,243000,3.0,0,0,0,CA,San Francisco
Small,173000,12.0,1,0,0,TX,Austin
Small,85000,14.0,0,1,0,KY,Louisville
Small,186000,5.0,0,0,0,WA,Seattle
Small,87000,0.0,1,0,0,IL,Bloomington
Small,106000,0.0,1,0,0,TX,Spring
Small,70000,1.0,0,1,0,UT,Provo
Small,175000,0.0,1,0,0,CA,Fremont
Medium,381000,13.0,0,0,1,CA,Cupertino
Small,223000,7.0,1,0,0,CA,San Francisco
Medium,95000,0.0,0,0,0,TX,Austin
Small,162000,1.0,0,1,0,CA,San Francisco
Small,168000,2.0,0,0,1,MA,Boston
Small,210000,2.0,1,0,0,CA,Fremont
Large,221000,3.0,0,0,1,CA,San Francisco
Large,220000,2.0,0,0,1,CA,Los Angeles
Small,102000,5.0,0,1,0,IL,Chicago
Large,250000,8.0,0,0,0,WA,Seattle
Small,267000,9.0,0,0,0,CA,Mountain View
Small,330000,4.0,0,0,0,CA,San Francisco
Small,150000,2.0,1,0,0,CA,San Francisco
Large,159000,4.0,1,0,0,WA,Redmond
Medium,350000,9.0,1,0,0,CA,Cupertino
Small,142000,0.0,1,0,0,WA,Seattle
Small,135000,3.0,0,0,0,NY,New York
Small,800000,12.0,0,0,0,CA,San Francisco
Large,190000,2.0,0,0,0,CA,Menlo Park
Small,235000,5.0,0,0,0,CA,Cupertino
Small,525000,3.0,0,1,0,CA,San Francisco
Small,81000,1.0,0,1,0,IL,Bloomington
Large,186000,2.0,0,0,0,CA,Menlo Park
Small,150000,3.0,1,0,0,OR,Beaverton
Small,150000,5.0,1,0,0,NY,New York
Large,164000,2.0,0,1,0,CA,Menlo Park
Large,240000,6.0,1,0,0,WA,Seattle
Small,167000,3.0,0,0,1,TX,Houston
Medium,135000,0.0,1,0,0,NY,New York
Large,185000,1.0,0,1,0,WA,Redmond
Large,180000,4.0,1,0,0,WA,Seattle
Small,103000,2.0,0,1,0,VA,Arlington
Small,250000,9.0,1,0,0,MA,Needham
Small,110000,1.0,0,0,0,NY,New York
Small,400000,10.0,1,0,0,CA,Los Gatos
Small,188000,2.0,1,0,0,CA,Sunnyvale
Large,290000,7.0,0,0,0,WA,Redmond
Large,220000,7.0,0,1,0,WA,Seattle
Small,101000,3.0,0,0,0,WA,Seattle
Large,213000,10.0,0,1,0,WA,Seattle
Small,161000,4.0,0,1,0,NY,New York
Small,135000,10.0,0,0,0,CA,San Diego
Large,292000,15.0,0,0,1,WA,Redmond
Small,190000,2.0,0,0,0,CA,Sunnyvale
Large,180000,2.0,0,0,0,CA,Menlo Park
Large,270000,5.0,1,0,0,WA,Seattle
Small,135000,4.0,1,0,0,NY,New York
Small,110000,8.0,0,0,0,CA,Los Angeles
Small,181000,6.0,0,0,0,CA,San Jose
Small,110000,0.0,0,1,0,TX,Houston
Small,132000,0.0,1,0,0,NY,New York
Large,235000,4.0,1,0,0,CA,Menlo Park
Large,198000,4.0,0,0,0,WA,Seattle
Medium,198000,2.0,1,0,0,CA,San Francisco
Small,250000,15.0,0,0,0,NY,New York
Large,225000,7.0,0,1,0,CA,San Francisco
Medium,185000,5.0,0,0,0,CA,Cupertino
Medium,320000,4.0,0,0,0,CA,Cupertino
Large,350000,4.0,1,0,0,CA,Oakland
Small,165000,1.0,1,0,0,CA,San Francisco
Large,240000,4.0,0,0,0,WA,Seattle
Small,170000,8.0,0,1,0,NY,New York
Large,215000,10.0,0,1,0,WA,Seattle
Medium,203000,5.0,0,0,0,WA,Kirkland
Medium,250000,3.0,0,0,0,CA,Cupertino
Small,390000,14.0,0,0,1,CA,San Jose
Large,308000,8.0,1,0,0,CA,San Francisco
Small,207000,8.0,0,0,0,NC,Raleigh
Small,222000,2.0,0,1,0,CA,San Jose
Small,150000,5.0,0,1,0,IL,Chicago
Small,130000,2.0,1,0,0,CA,Mountain View
Small,345000,5.0,1,0,0,NY,New York
Small,200000,6.0,0,0,0,MA,Boston
Small,728000,7.0,0,0,0,CA,Santa Monica
Small,143000,7.0,1,0,0,IL,Chicago
Large,236000,4.0,0,1,0,CA,Menlo Park
Small,270000,8.0,0,0,0,NY,New York
Small,380000,30.0,1,0,0,IL,Chicago
Small,175000,4.0,1,0,0,WA,Seattle
Small,700000,8.0,0,0,1,CA,Los Angeles
Small,110000,3.0,0,0,0,NY,New York
Small,135000,5.0,0,0,1,MA,Boston
Small,408000,13.0,0,0,0,PA,Philadelphia
Small,95000,3.0,0,0,0,PA,Philadelphia
Small,125000,4.0,0,1,0,NY,New York
Small,325000,12.0,0,1,0,AR,Bentonville
Large,115000,3.0,0,0,0,WA,Seattle
Small,161000,1.0,1,0,0,CA,Redwood City
Small,165000,1.0,1,0,0,CA,Mountain View
Small,194000,1.0,1,0,0,CA,Mountain View
Small,102000,0.0,0,1,0,DC,Washington
Large,565000,10.0,0,0,1,WA,Seattle
Medium,250000,2.0,0,0,1,CA,Mountain View
Medium,128000,0.0,1,0,0,CA,San Francisco
Small,453000,7.0,0,0,1,NY,New York
Small,152000,5.0,0,0,0,IL,Chicago
Small,250000,0.0,0,0,1,CA,Mountain View
Small,250000,6.0,1,0,0,CA,Mountain View
Small,385000,6.0,1,0,0,CA,San Francisco
Large,215000,0.0,0,0,1,WA,Seattle
Large,210000,1.0,0,0,1,CA,Menlo Park
Small,106000,6.0,1,0,0,CA,San Francisco
Large,165000,0.0,0,0,0,CA,San Francisco
Large,228000,4.0,1,0,0,CA,Menlo Park
Small,81000,0.0,1,0,0,VA,Arlington
Large,145000,0.0,0,0,0,CA,Menlo Park
Large,250000,10.0,0,1,0,WA,Seattle
Small,250000,4.0,0,0,0,CA,San Francisco
Small,450000,3.0,0,0,0,CA,Los Angeles
Small,116000,2.0,0,0,0,CA,Los Angeles
Small,110000,2.0,0,0,0,CT,Hartford
Small,141000,4.0,0,0,0,DC,Washington
Small,257000,3.0,0,0,1,CA,Sunnyvale
Small,63000,2.0,0,0,0,DC,Washington
Small,96000,6.0,1,0,0,VA,Arlington
Small,150000,5.0,0,0,0,WA,Seattle
Small,125000,4.0,0,0,0,TX,McLean
Large,217000,4.0,1,0,0,CA,Los Angeles
Large,180000,7.0,0,0,0,WA,Seattle
Small,180000,4.0,0,0,0,CA,Santa Clara
Small,220000,8.0,0,1,0,CA,Sunnyvale
Medium,150000,5.0,0,1,0,TX,Austin
Small,183000,2.0,0,0,0,CA,South San Francisco
Large,182000,7.0,0,1,0,WA,Redmond
Small,251000,0.0,0,0,0,CA,Menlo Park
Small,408000,6.0,1,0,0,NY,New York
Medium,250000,3.0,0,0,0,NY,New York
Small,109000,3.0,0,0,0,CT,Bristol
Small,300000,10.0,0,0,0,CA,Los Angeles
Medium,160000,6.0,0,0,1,TX,Austin
Small,115000,2.0,1,0,0,TX,Dallas
Small,195000,7.0,1,0,0,CA,Sunnyvale
Medium,291000,2.0,0,0,1,CA,Sunnyvale
Small,400000,4.0,0,0,1,CA,Los Gatos
Small,445000,5.0,1,0,0,CA,San Francisco
Small,410000,4.0,0,0,0,CA,San Francisco
Small,210000,3.0,1,0,0,CA,Sunnyvale
Small,260000,13.0,0,0,1,OR,Portland
Medium,268000,5.0,0,0,1,CA,Cupertino
Small,290000,17.0,1,0,0,CO,Boulder
Small,300000,9.0,1,0,0,CA,San Francisco
Small,270000,15.0,0,0,1,CA,San Francisco
Small,690000,12.0,1,0,0,WA,Seattle
Small,157000,3.0,1,0,0,NY,New York
Small,425000,8.0,0,0,0,CA,San Francisco
Large,280000,5.0,0,1,0,NY,New York
Small,200000,4.0,0,0,0,CA,San Francisco
Small,223000,2.0,1,0,0,CA,Santa Clara
Small,169000,7.0,1,0,0,WA,Seattle
Small,183000,2.0,0,0,0,CA,San Francisco
Small,180000,13.0,0,0,0,CA,Sunnyvale
Small,355000,10.0,1,0,0,CA,San Francisco
Small,240000,4.0,1,0,0,CA,San Francisco
Medium,310000,10.0,0,1,0,CA,San Francisco
Small,230000,10.0,0,0,1,OR,Portland
Small,310000,11.0,0,0,0,CA,Oakland
Small,205000,1.0,0,0,0,NY,New York
Small,160000,4.0,1,0,0,NY,New York
Medium,264000,4.0,0,0,0,CA,Cupertino
Large,535000,15.0,0,0,0,WA,Seattle
Medium,345000,5.0,0,0,1,CA,Sunnyvale
Small,249000,10.0,0,0,0,CA,San Francisco
Large,255000,10.0,0,1,0,WA,Seattle
Small,115000,1.0,0,1,0,WA,Seattle
Small,184000,3.0,0,0,1,OR,Portland
Small,140000,3.0,0,0,0,NY,New York
Small,205000,2.0,1,0,0,CA,San Francisco
Medium,236000,7.0,0,1,0,CA,Mountain View
Small,115000,6.0,1,0,0,TX,Plano
Small,90000,1.0,0,1,0,VA,Arlington
Small,140000,0.0,0,0,1,CA,San Diego
Large,220000,5.0,0,0,0,CA,Menlo Park
Small,262000,2.0,1,0,0,CA,San Francisco
Medium,135000,3.0,0,1,0,NY,New York
Small,300000,5.0,0,0,0,WA,Seattle
Small,140000,4.0,0,0,0,NY,New York
Medium,319000,2.0,0,0,1,CA,Mountain View
Small,176000,7.0,0,1,0,WA,Seattle
Large,294000,4.0,0,0,0,WA,Seattle
Small,195000,15.0,0,0,0,CA,Los Angeles
Small,152000,6.0,0,0,1,IL,Chicago
Large,185000,4.0,1,0,0,CA,San Francisco
Large,300000,17.0,0,1,0,WA,Seattle
Medium,264000,8.0,1,0,0,CA,Mountain View
Small,261000,8.0,0,0,1,CA,Mountain View
Medium,262000,12.0,0,1,0,CA,Mountain View
Large,225000,4.0,1,0,0,NY,New York
Small,150000,2.0,0,0,0,CA,San Francisco
Small,209000,7.0,0,0,1,CA,Mill Valley
Small,170000,5.0,0,0,1,DE,Wilmington
Small,110000,6.0,0,0,0,MI,Dearborn
Small,130000,2.0,1,0,0,CA,Los Angeles
Small,215000,2.0,1,0,0,CA,Sunnyvale
Medium,185000,2.0,1,0,0,CA,Cupertino
Small,93000,1.0,1,0,0,DC,Washington
Small,220000,20.0,0,0,1,CA,San Francisco
Medium,191000,3.0,1,0,0,CA,Los Angeles
Medium,308000,5.0,0,0,1,CA,Redwood City
Small,100000,3.0,0,1,0,TX,Dallas
Small,375000,5.0,0,0,0,CA,Menlo Park
Small,120000,2.0,0,0,0,DC,Washington
Large,240000,0.0,0,0,1,WA,Seattle
Small,188000,5.0,1,0,0,WA,Bellevue
Small,93000,1.0,1,0,0,NY,New York
Large,136000,0.0,0,0,0,WA,Seattle
Large,233000,2.0,0,1,0,NY,New York
Medium,282000,3.0,0,0,1,NY,New York
Small,118000,3.0,0,0,0,TX,Austin
Small,148000,8.0,0,0,0,IL,Northbrook
Large,495000,8.0,0,0,1,CA,Menlo Park
Small,209000,11.0,1,0,0,GA,Atlanta
Medium,235000,0.0,0,0,0,CA,Mountain View
Small,274000,8.0,1,0,0,MA,Boston
Small,138000,8.0,0,0,0,IL,Northbrook
Small,150000,4.0,0,0,0,NY,New York
Small,285000,5.0,0,0,0,NY,New York
Small,207000,6.0,0,0,0,FL,Tampa
Small,220000,2.0,0,0,0,CA,San Francisco
Medium,283000,3.0,0,0,1,CA,Redwood City
Large,183000,1.0,0,0,0,WA,Redmond
Small,157000,4.0,0,1,0,CA,Santa Clara
Medium,263000,3.0,0,0,1,TX,Austin
Small,215000,11.0,0,0,0,WA,Seattle
Small,340000,4.0,0,0,1,NY,New York
Large,200000,6.0,1,0,0,NY,New York
Medium,216000,5.0,1,0,0,VA,Reston
Small,110000,2.0,1,0,0,VA,Fairfax
Small,100000,8.0,0,0,0,VA,Arlington
Small,168000,4.0,0,0,0,CA,San Francisco
Small,105000,7.0,1,0,0,MN,Minneapolis
Small,171000,3.0,0,1,0,NY,New York
Small,216000,6.0,0,0,0,NY,New York
Large,230000,6.0,0,0,0,CA,Menlo Park
Small,150000,5.0,0,0,0,CA,San Francisco
Small,323000,2.0,0,0,1,CA,San Francisco
Small,105000,1.0,1,0,0,NY,New York
Large,173000,2.0,1,0,0,WA,Redmond
Small,95000,6.0,0,1,0,AZ,Phoenix
Small,300000,5.0,0,0,1,CA,San Francisco
Large,280000,5.0,0,0,0,WA,Seattle
Small,294000,1.0,1,0,0,CA,San Jose
Large,163000,5.0,0,1,0,WA,Seattle
Small,313000,21.0,0,0,1,NY,New York
Medium,517000,7.0,1,0,0,WA,Seattle
Small,172000,12.0,1,0,0,DC,Washington
Small,330000,1.0,0,0,0,NY,New York
Large,513000,12.0,0,0,0,WA,Redmond
Large,214000,4.0,1,0,0,WA,Seattle
Large,278000,1.0,0,0,1,CA,Palo Alto
Large,583000,20.0,0,0,1,CA,San Francisco
Large,201000,3.0,0,1,0,CA,Menlo Park
Small,136000,6.0,1,0,0,GA,Atlanta
Small,300000,6.0,0,0,0,CA,San Francisco
Small,178000,5.0,0,0,0,WA,Bellevue
Small,126000,4.0,0,0,0,CA,San Diego
Medium,227000,6.0,0,0,0,TX,Austin
Large,205000,12.0,0,1,0,VA,Arlington
Small,85000,14.0,1,0,0,WA,Seattle
Small,140000,2.0,1,0,0,TX,Austin
Small,75000,3.0,0,1,0,VA,Arlington
Small,204000,7.0,0,0,1,MA,Boston
Small,137000,3.0,1,0,0,NY,New York
Small,111000,6.0,1,0,0,AZ,Chandler
Small,275000,7.0,0,0,0,CA,San Francisco
Small,305000,5.0,0,1,0,WA,Seattle
Medium,152000,9.0,1,0,0,CA,San Francisco
Small,182000,2.0,0,0,1,WA,Seattle
Small,142000,2.0,0,0,0,CA,Foster City
Small,290000,3.0,0,0,0,CA,Sunnyvale
Large,166000,3.0,0,0,0,WA,Redmond
Small,150000,1.0,0,0,0,NJ,Basking Ridge
Small,336000,5.0,0,0,0,CA,San Francisco
Medium,260000,5.0,0,0,0,CA,San Francisco
Large,360000,11.0,0,0,1,CA,San Francisco
Small,149000,3.0,1,0,0,NY,New York
Medium,174000,11.0,1,0,0,SC,Charleston
Large,202000,0.0,0,0,1,WA,Redmond
Small,600000,10.0,0,0,1,CA,Los Angeles
Small,162000,5.0,0,0,0,CA,San Ramon
Small,270000,11.0,0,0,0,WA,Seattle
Medium,455000,8.0,0,1,0,WA,Seattle
Small,550000,4.0,0,0,1,CA,Menlo Park
Small,216000,4.0,0,1,0,CA,San Jose
Small,122000,1.0,0,0,0,TX,Austin
Small,96000,3.0,1,0,0,CO,Longmont
Small,120000,2.0,0,0,0,DC,Washington
Small,176000,2.0,1,0,0,CA,San Jose
Small,172000,10.0,0,1,0,VA,Richmond
Small,236000,5.0,0,1,0,CA,San Francisco
Small,100000,1.0,0,0,0,CA,San Francisco
Small,177000,11.0,1,0,0,CA,San Jose
Small,404000,5.0,0,0,1,MA,Boston
Small,128000,5.0,1,0,0,DC,Washington
Medium,213000,9.0,1,0,0,CA,Cupertino
Small,185000,9.0,0,0,0,CA,Sunnyvale
Small,80000,1.0,1,0,0,CA,Glendale
Large,215000,8.0,0,1,0,WA,Seattle
Small,15000,1.0,0,0,0,NC,Charlotte
Small,118000,5.0,1,0,0,IL,Chicago
Large,510000,11.0,1,0,0,WA,Bellevue
Small,118000,2.0,0,1,0,OR,Portland
Large,327000,2.0,0,0,1,CA,Menlo Park
Small,176000,2.0,0,0,0,TX,Austin
Medium,156000,10.0,1,0,0,NY,New York
Large,225000,11.0,0,0,1,WA,Bellevue
Small,95000,4.0,0,0,0,DC,Washington
Small,210000,6.0,0,0,0,NJ,Jersey City
Small,266000,20.0,0,0,0,DC,Washington
Small,83000,3.0,0,1,0,MD,Columbia
Medium,197000,9.0,1,0,0,MI,Traverse City
Small,150000,4.0,0,1,0,MA,Cambridge
Small,125000,5.0,1,0,0,DC,Washington
Small,120000,5.0,0,0,0,MI,Dearborn
Small,500000,8.0,0,1,0,CA,San Francisco
Medium,518000,6.0,1,0,0,WA,Seattle
Large,211000,5.0,1,0,0,CA,San Francisco
Small,195000,3.0,0,0,1,CA,San Francisco
Large,283000,9.0,0,0,1,WA,Seattle
Large,414000,10.0,0,0,1,CA,San Francisco
Large,305000,3.0,1,0,0,CA,San Francisco
Large,235000,1.0,0,0,1,CA,Menlo Park
Small,450000,5.0,0,0,0,CA,San Francisco
Small,260000,8.0,0,0,0,CA,San Francisco
Small,188000,5.0,0,0,0,CA,San Bruno
Small,78000,3.0,1,0,0,AZ,Phoenix
Small,92000,2.0,1,0,0,NY,New York
Small,165000,6.0,0,0,1,WI,Madison
Small,128000,1.0,0,0,0,NY,New York
Large,237000,2.0,0,0,1,MA,Cambridge
Small,190000,7.0,0,0,0,DE,Wilmington
Small,191000,2.0,0,0,1,NC,Charlotte
Medium,388000,0.0,0,0,1,CA,San Francisco
Small,195000,0.0,0,0,1,CA,San Francisco
Small,180000,5.0,1,0,0,AZ,Phoenix
Small,121000,2.0,0,0,0,NY,New York
Large,296000,9.0,1,0,0,CA,Menlo Park
Small,140000,4.0,1,0,0,MA,Wellesley
Small,100000,3.0,0,0,0,CO,Denver
Small,148000,4.0,1,0,0,TX,Plano
Large,182000,7.0,0,0,1,WA,Redmond
Medium,205000,7.0,0,0,0,CA,Mountain View
Medium,450000,7.0,0,0,0,CA,Cupertino
Small,130000,3.0,0,1,0,NV,Las Vegas
Small,115000,1.0,0,0,0,CA,Irvine
Large,180000,1.0,0,0,1,WA,Seattle
Large,297000,5.0,0,0,1,CA,Menlo Park
Medium,199000,0.0,0,0,1,CA,Mountain View
Small,185000,2.0,0,0,1,MA,Boston
Small,170000,4.0,1,0,0,NY,New York
Small,189000,8.0,1,0,0,NJ,Jersey City
Large,215000,8.0,0,0,0,TX,Dallas
Large,257000,3.0,0,0,1,TX,Austin
Medium,372000,2.0,1,0,0,CA,San Francisco
Medium,251000,4.0,0,1,0,CA,San Francisco
Medium,166000,1.0,0,0,0,CA,San Jose
Small,95000,3.0,1,0,0,TX,Dallas
Small,254000,2.0,1,0,0,CA,San Francisco
Small,187000,13.0,0,0,1,AL,Huntsville
Large,291000,4.0,0,1,0,NY,New York
Large,242000,0.0,0,0,1,CA,Menlo Park
Small,144000,3.0,1,0,0,IL,Chicago
Small,577000,10.0,0,1,0,CA,San Francisco
Medium,160000,6.0,1,0,0,NY,New York
Medium,415000,5.0,0,0,1,CA,San Francisco
Large,297000,2.0,0,1,0,NY,New York
Small,185000,2.0,0,0,1,NY,New York
Small,205000,5.0,1,0,0,TX,Austin
Small,313000,7.0,1,0,0,IL,Chicago
Small,159000,2.0,0,1,0,WA,Seattle
Small,386000,6.0,0,0,0,CA,San Francisco
Small,236000,8.0,1,0,0,CA,South San Francisco
Small,253000,8.0,0,0,1,NY,New York
Large,142000,3.0,1,0,0,TX,Austin
Small,260000,4.0,0,0,0,CA,San Francisco
Small,142000,2.0,0,0,0,NY,New York
Small,310000,5.0,1,0,0,CA,San Francisco
Small,130000,3.0,1,0,0,DE,Wilmington
Small,147000,5.0,0,0,1,NC,Charlotte
Small,128000,1.0,1,0,0,CA,South San Francisco
Large,273000,6.0,1,0,0,CA,San Francisco
Small,162000,0.0,1,0,0,CA,Sunnyvale
Small,160000,1.0,0,0,1,VA,Manassas
Medium,311000,2.0,0,0,1,CA,San Francisco
Small,150000,2.0,1,0,0,IL,Chicago
Small,350000,7.0,0,0,0,CA,San Francisco
Large,230000,1.0,0,0,0,CA,Menlo Park
Small,150000,3.0,1,0,0,WA,Seattle
Large,210000,2.0,0,1,0,WA,Seattle
Small,260000,7.0,1,0,0,CA,South San Francisco
Small,538000,14.0,0,0,1,NJ,Basking Ridge
Small,188000,5.0,0,0,1,OR,Hillsboro
Small,120000,5.0,1,0,0,AR,Bentonville
Small,174000,5.0,0,1,0,OR,Hillsboro
Small,100000,1.0,0,0,1,IL,Chicago
Large,163000,5.0,1,0,0,WA,Seattle
Small,190000,3.0,1,0,0,CA,San Jose
Small,173000,1.0,0,0,1,CA,Foster City
Large,203000,0.0,1,0,0,WA,Seattle
Large,205000,6.0,0,1,0,WA,Seattle
Medium,327000,6.0,0,0,0,CA,San Francisco
Medium,73000,2.0,0,1,0,MN,Rochester
Medium,115000,2.0,0,1,0,TX,Austin
Small,344000,5.0,0,0,1,CA,Sunnyvale
Small,315000,5.0,0,1,0,CA,San Francisco
Small,310000,6.0,1,0,0,CA,San Jose
Small,217000,7.0,0,0,1,CA,San Francisco
Small,152000,15.0,1,0,0,OH,Cincinnati
Small,225000,3.0,1,0,0,NY,New York
Small,150000,2.0,1,0,0,IL,Chicago
Large,375000,5.0,0,0,1,CA,Menlo Park
Large,420000,7.0,1,0,0,NY,New York
Medium,125000,1.0,0,1,0,NY,New York
Small,650000,15.0,1,0,0,CA,San Francisco
Large,170000,10.0,0,0,0,WA,Redmond
Large,193000,5.0,1,0,0,WA,Redmond
Small,162000,8.0,1,0,0,CA,Santa Monica
Small,54000,2.0,0,0,0,MA,Boston
Small,300000,20.0,0,0,0,CA,La Jolla
Small,184000,4.0,0,0,1,OR,Portland
Small,100000,2.0,1,0,0,MN,Saint Paul
Small,230000,3.0,1,0,0,CA,San Francisco
Small,150000,2.0,0,1,0,NY,New York
Large,265000,5.0,0,0,0,NY,New York
Small,198000,16.0,0,0,1,NY,New York
Small,257000,5.0,1,0,0,CA,Mountain View
Small,520000,6.0,1,0,0,CA,San Francisco
Small,109000,0.0,0,0,0,WA,Seattle
Large,363000,5.0,1,0,0,WA,Seattle
Small,133000,15.0,0,0,0,VA,Richmond
Small,161000,4.0,0,0,0,MA,Boston
Small,195000,7.0,1,0,0,NY,New York
Large,337000,4.0,1,0,0,WA,Seattle
Large,156000,8.0,1,0,0,WA,Seattle
Large,345000,7.0,0,0,1,WA,Seattle
Small,150000,4.0,1,0,0,TX,Dallas
Small,107000,5.0,0,1,0,OR,Hillsboro
Large,740000,10.0,0,0,1,CA,Menlo Park
Small,213000,3.0,1,0,0,MA,Boston
Small,400000,3.0,1,0,0,CA,San Jose
Large,310000,4.0,1,0,0,CA,Menlo Park
Small,222000,4.0,0,1,0,CA,San Francisco
Large,234000,8.0,1,0,0,CA,Menlo Park
Medium,187000,5.0,0,0,0,WA,Seattle
Large,166000,1.0,1,0,0,WA,Redmond
Small,136000,0.0,0,0,0,TX,Austin
Large,173000,0.0,0,0,0,WA,Seattle
Small,142000,4.0,1,0,0,TX,Austin
Small,210000,6.0,1,0,0,TX,Austin
Small,157000,0.0,1,0,0,NJ,Hoboken
Large,214000,4.0,0,1,0,WA,Seattle
Small,400000,25.0,0,0,1,TX,San Antonio
Small,210000,0.0,0,0,1,CA,South San Francisco
Small,190000,2.0,0,0,0,CA,San Francisco
Large,230000,8.0,1,0,0,MA,Cambridge
Small,115000,1.0,0,0,0,CA,Santa Clara
Small,113000,5.0,0,1,0,DC,Washington
Small,108000,3.0,1,0,0,NY,New York
Small,179000,2.0,0,0,1,NC,Charlotte
Small,205000,2.0,1,0,0,CA,San Jose
Small,205000,2.0,1,0,0,CA,San Jose
Small,153000,6.0,1,0,0,AL,Birmingham
Small,200000,5.0,0,0,0,CA,Irvine
Small,129000,3.0,0,0,0,MA,Boston
Large,232000,1.0,0,0,1,WA,Seattle
Small,85000,0.0,0,0,0,IL,Chicago
Small,374000,6.0,0,0,0,CA,Santa Monica
Large,315000,14.0,1,0,0,NY,New York
Small,87000,2.0,0,1,0,NY,New York
Small,95000,0.0,0,0,1,PA,Pittsburgh
Small,98000,5.0,0,0,0,MD,Baltimore
Large,250000,2.0,0,0,1,WA,Seattle
Small,320000,7.0,1,0,0,CA,San Francisco
Small,120000,3.0,1,0,0,MI,Detroit
Small,420000,6.0,1,0,0,CA,Los Gatos
Small,165000,7.0,0,1,0,OR,Portland
Small,126000,2.0,1,0,0,VA,Vienna
Large,231000,4.0,1,0,0,WA,Seattle
Small,192000,10.0,0,0,0,CA,San Francisco
Large,249000,5.0,0,1,0,CA,San Francisco
Large,300000,4.0,0,0,1,WA,Seattle
Small,80000,1.0,1,0,0,PA,Philadelphia
Large,210000,5.0,0,0,0,WA,Redmond
Small,375000,5.0,0,0,1,MA,Worcester
Small,115000,8.0,0,0,0,TX,Irving
Small,138000,0.0,0,0,0,CA,Sunnyvale
Large,420000,4.0,0,0,0,CA,Menlo Park
Small,150000,10.0,0,0,1,PA,Pittsburgh
Small,106000,5.0,1,0,0,NY,New York
Small,174000,6.0,0,0,0,CA,San Francisco
Small,154000,5.0,0,0,0,CA,San Francisco
Large,180000,2.0,1,0,0,CO,Denver
Small,500000,11.0,1,0,0,NY,New York
Small,284000,3.0,0,1,0,NY,New York
Small,300000,7.0,0,0,0,CA,Mountain View
Small,156000,6.0,1,0,0,NC,Raleigh
Small,105000,3.0,0,1,0,TX,Dallas
Small,125000,10.0,1,0,0,AZ,Phoenix
Small,520000,9.0,1,0,0,CA,Oakland
Small,140000,0.0,0,0,1,NC,Charlotte
Small,84000,2.0,1,0,0,IL,Chicago
Small,190000,2.0,1,0,0,WA,Seattle
Small,272000,8.0,0,0,0,CA,San Jose
Large,198000,2.0,0,0,0,WA,Seattle
Large,295000,10.0,0,0,1,WA,Seattle
Small,205000,1.0,0,1,0,CA,Redwood City
Medium,266000,0.0,0,0,1,CA,Mountain View
Small,105000,5.0,1,0,0,TX,Dallas
Small,220000,2.0,0,0,0,CA,Los Angeles
Large,367000,7.0,1,0,0,CA,San Francisco
Large,245000,5.0,0,0,0,WA,Redmond
Large,323000,7.0,0,0,0,WA,Redmond
Large,283000,7.0,0,0,1,WA,Seattle
Large,198000,5.0,0,0,0,WA,Redmond
Small,235000,4.0,1,0,0,CA,San Francisco
Small,38000,3.0,1,0,0,IN,Ireland
Small,146000,6.0,0,0,0,NC,Cary
Small,312000,2.0,0,1,0,CA,San Francisco
Small,400000,10.0,0,0,1,MA,Boston
Small,148000,2.0,1,0,0,AR,Bentonville
Small,110000,3.0,1,0,0,GA,Alpharetta
Large,262000,11.0,0,0,0,WA,Seattle
Small,385000,0.0,0,0,1,CA,Los Angeles
Large,234000,15.0,1,0,0,WA,Seattle
Large,228000,2.0,0,0,1,WA,Seattle
Large,212000,5.0,1,0,0,WA,Seattle
Small,180000,2.0,0,0,0,CA,San Bruno
Small,196000,0.0,1,0,0,NY,New York
Large,245000,2.0,0,0,0,NY,New York
Small,630000,6.0,0,0,1,CA,Los Angeles
Small,215000,8.0,1,0,0,CA,San Jose
Small,205000,4.0,0,0,1,WA,Bellevue
Large,189000,3.0,0,0,0,TX,Austin
Small,185000,2.0,0,0,0,CA,San Francisco
Small,255000,5.0,1,0,0,CA,San Jose
Medium,280000,4.0,0,0,0,CA,San Francisco
Small,400000,2.0,0,0,1,CA,San Francisco
Large,330000,8.0,0,0,1,WA,Seattle
Small,200000,5.0,1,0,0,CA,Los Angeles
Small,163000,5.0,0,0,0,WA,Seattle
Small,248000,8.0,0,0,0,CA,Mountain View
Large,194000,3.0,0,0,1,WA,Redmond
Large,274000,1.0,0,0,1,CA,Santa Monica
Medium,400000,11.0,0,0,0,CA,Cupertino
Small,112000,5.0,0,0,0,MI,Dearborn
Large,217000,3.0,0,0,0,CA,Menlo Park
Large,201000,5.0,1,0,0,WA,Seattle
Large,214000,5.0,1,0,0,WA,Seattle
Small,170000,3.0,1,0,0,IL,Chicago
Small,128000,6.0,1,0,0,OH,Columbus
Small,236000,8.0,0,0,1,OR,Hillsboro
Small,592000,3.0,0,0,0,CA,San Francisco
Medium,336000,9.0,0,1,0,CA,Mountain View
Small,130000,13.0,0,1,0,MN,Minneapolis
Small,154000,16.0,1,0,0,MI,Dearborn
Small,102000,4.0,0,0,0,NY,New York
Large,317000,1.0,0,0,0,WA,Seattle
Small,201000,3.0,1,0,0,CA,Sunnyvale
Large,209000,13.0,0,1,0,WA,Seattle
Small,245000,5.0,0,0,1,CA,Sunnyvale
Large,339000,4.0,0,0,1,NY,New York
Small,135000,4.0,0,1,0,CA,San Francisco
Small,350000,3.0,0,0,1,CA,San Francisco
Medium,185000,8.0,0,1,0,CA,San Francisco
Large,165000,0.0,0,0,0,WA,Seattle
Small,385000,0.0,0,0,1,CA,Los Angeles
Large,370000,9.0,0,0,0,WA,Seattle
Large,152000,5.0,1,0,0,WA,Seattle
Small,190000,1.0,0,1,0,CA,San Francisco
Small,120000,4.0,0,0,0,TX,Houston
Large,248000,3.0,0,0,1,WA,Seattle
Large,360000,7.0,0,0,0,CA,Menlo Park
Small,139000,1.0,1,0,0,TX,Dallas
Small,143000,5.0,0,0,0,NY,New York
Small,580000,16.0,0,0,1,CA,San Francisco
Small,74000,2.0,0,0,0,MA,Boston
Small,169000,2.0,0,0,0,CA,San Diego
Small,350000,5.0,0,0,1,CA,South San Francisco
Large,225000,7.0,1,0,0,GA,Atlanta
Small,240000,5.0,0,0,0,CA,San Francisco
Small,160000,6.0,0,0,0,CA,Sunnyvale
Medium,252000,2.0,0,0,1,CA,Mountain View
Small,300000,15.0,1,0,0,CA,San Francisco
Small,134000,5.0,1,0,0,DC,Washington
Large,190000,10.0,0,0,0,WA,Seattle
Large,400000,10.0,0,0,0,WA,Seattle
Medium,134000,3.0,0,1,0,TX,Austin
Large,160000,4.0,0,0,1,VA,Arlington
Large,340000,7.0,0,0,0,CA,San Francisco
Large,445000,10.0,1,0,0,CA,Mountain View
Small,112000,7.0,1,0,0,NC,Raleigh
Small,220000,5.0,0,0,0,CA,Milpitas
Small,195000,6.0,1,0,0,NY,New York
Small,122000,5.0,1,0,0,NY,New York
Small,99000,6.0,0,0,0,MA,Boston
Small,325000,5.0,0,0,0,CA,San Francisco
Small,205000,6.0,0,0,1,CA,Berkeley
Small,116000,11.0,1,0,0,CA,San Francisco
Small,257000,8.0,0,0,0,CA,San Francisco
Medium,135000,7.0,1,0,0,DC,Washington
Small,200000,5.0,0,0,0,CA,San Francisco
Medium,182000,2.0,1,0,0,CA,San Francisco
Small,150000,4.0,0,1,0,MA,Boston
Large,266000,7.0,1,0,0,NY,New York
Small,146000,3.0,0,1,0,CA,San Francisco
Small,150000,3.0,1,0,0,NY,New York
Small,142000,2.0,1,0,0,CA,Foster City
Medium,245000,1.0,0,0,1,CA,San Francisco
Medium,140000,2.0,1,0,0,NY,New York
Small,120000,3.0,1,0,0,CA,San Francisco
Medium,123000,3.0,1,0,0,NY,Armonk
Small,239000,11.0,0,0,1,OR,Hillsboro
Large,300000,10.0,0,0,0,CA,San Francisco
Small,152000,2.0,0,0,0,CA,Santa Clara
Small,185000,5.0,0,0,1,CA,Los Angeles
Small,143000,6.0,0,1,0,NY,New York
Large,154000,3.0,0,0,1,WA,Seattle
Large,238000,3.0,1,0,0,WA,Seattle
Small,274000,2.0,0,0,0,CA,San Francisco
Small,275000,3.0,0,0,0,CA,San Francisco
Medium,570000,12.0,0,0,0,CA,Mountain View
Small,145000,5.0,1,0,0,IL,Chicago Heights
Small,130000,3.0,0,0,0,CA,San Francisco
Small,200000,5.0,0,0,0,NC,Charlotte
Small,426000,4.0,0,0,1,CA,Menlo Park
Small,227000,3.0,1,0,0,NY,New York
Small,400000,10.0,1,0,0,CA,San Bruno
Small,200000,5.0,1,0,0,CA,San Francisco
Small,90000,2.0,0,1,0,CA,San Jose
Small,115000,3.0,0,1,0,CA,San Jose
Small,91000,6.0,1,0,0,GA,Atlanta
Small,425000,9.0,0,0,0,CA,Sunnyvale
Large,278000,2.0,1,0,0,CA,Menlo Park
Small,250000,3.0,0,0,0,CA,San Francisco
Small,115000,2.0,1,0,0,NY,New York
Small,138000,3.0,0,1,0,NY,New York
Large,330000,6.0,0,0,1,CA,San Francisco
Small,270000,15.0,0,1,0,CA,Sunnyvale
Small,168000,4.0,0,0,0,NY,New York
Small,225000,5.0,1,0,0,CA,Menlo Park
Small,250000,4.0,0,0,0,CA,Los Angeles
Small,235000,7.0,0,0,0,NY,New York
Small,265000,5.0,1,0,0,CO,Boulder
Small,160000,0.0,1,0,0,CA,San Francisco
Small,1000000,16.0,0,0,0,CA,San Francisco
Small,477000,4.0,0,0,0,CA,San Francisco
Large,157000,1.0,1,0,0,CA,Menlo Park
Small,181000,5.0,0,0,0,MA,Boston
Small,128000,2.0,0,0,0,NY,New York
Small,198000,11.0,0,0,0,WA,Seattle
Small,325000,10.0,0,0,1,CA,Palo Alto
Small,293000,5.0,1,0,0,CA,San Francisco
Small,165000,5.0,0,0,0,NY,New York
Large,150000,2.0,0,0,0,CA,San Francisco
Small,215000,5.0,1,0,0,TX,Austin
Small,185000,2.0,1,0,0,NY,Brooklyn
Small,240000,11.0,1,0,0,AR,Bentonville
Large,320000,5.0,0,0,1,WA,Seattle
Small,125000,1.0,1,0,0,TX,Plano
Small,250000,5.0,0,0,0,WA,Seattle
Small,366000,12.0,0,0,0,AR,Bentonville
Small,148000,4.0,0,0,0,CO,Denver
Small,105000,0.0,1,0,0,OK,Oklahoma City
Small,146000,1.0,1,0,0,CA,Newport Beach
Small,395000,4.0,1,0,0,CA,San Francisco
Large,235000,3.0,1,0,0,WA,Seattle
Small,97000,3.0,1,0,0,FL,Orlando
Small,155000,1.0,1,0,0,NY,New York
Large,211000,5.0,1,0,0,WA,Seattle
Medium,101000,1.0,0,1,0,IL,Chicago
Small,197000,0.0,0,0,1,CA,Foster City
Small,131000,5.0,1,0,0,CT,Hartford
Small,350000,7.0,1,0,0,CA,San Francisco
Small,210000,3.0,1,0,0,NY,New York
Small,167000,7.0,1,0,0,RI,Woonsocket
Small,106000,3.0,0,0,0,TX,Austin
Small,322000,4.0,1,0,0,CA,Sunnyvale
Small,680000,6.0,0,0,0,CA,San Francisco
Small,119000,3.0,1,0,0,NV,Las Vegas
Small,210000,9.0,0,0,1,NC,Raleigh
Large,165000,3.0,0,0,1,WA,Seattle
Small,130000,2.0,0,0,0,NY,New York
Medium,332000,5.0,0,0,1,NY,New York
Small,120000,4.0,1,0,0,IL,Chicago
Large,270000,5.0,1,0,0,WA,Seattle
Large,210000,2.0,0,0,0,UT,Redmond
Small,108000,7.0,0,1,0,TX,Dallas
Small,140000,0.0,0,0,0,MA,Boston
Medium,110000,2.0,0,1,0,CA,San Jose
Small,129000,6.0,1,0,0,TX,Dallas
Small,310000,6.0,1,0,0,CA,San Jose
Small,133000,5.0,1,0,0,DC,Washington
Large,230000,5.0,1,0,0,WA,Seattle
Small,156000,6.0,0,0,0,DC,Washington
Small,200000,6.0,0,0,0,TX,Austin
Small,220000,4.0,1,0,0,NY,New York
Small,140000,1.0,0,0,0,CA,Newport Beach
Small,185000,5.0,1,0,0,NY,New York
Medium,163000,20.0,0,0,0,CO,Colorado Springs
Small,156000,13.0,0,0,1,AL,Huntsville
Small,85000,3.0,0,0,0,NC,Charlotte
Small,135000,3.0,1,0,0,CA,Sunnyvale
Small,208000,8.0,0,0,0,NY,New York
Small,135000,3.0,1,0,0,VA,Richmond
Large,167000,4.0,0,0,0,WA,Seattle
Large,400000,10.0,1,0,0,MA,Boston
Large,182000,3.0,1,0,0,NY,New York
Small,95000,2.0,0,0,0,NY,New York
Medium,192000,0.0,1,0,0,CA,San Francisco
Medium,304000,6.0,1,0,0,CA,Cupertino
Large,242000,4.0,0,0,0,NY,New York
Large,259000,5.0,1,0,0,CA,Palo Alto
Medium,170000,2.0,0,0,0,NY,Armonk
Large,464000,8.0,0,0,0,CA,San Francisco
Small,170000,4.0,1,0,0,CA,Redwood City
Small,137000,4.0,1,0,0,DC,Washington
Small,120000,3.0,0,0,0,VA,Herndon
Small,145000,4.0,1,0,0,CA,Mountain View
Small,190000,4.0,1,0,0,CA,Mountain View
Medium,110000,1.0,0,0,0,WA,Seattle
Large,272000,16.0,1,0,0,WA,Seattle
Small,160000,5.0,0,0,0,CA,Los Angeles
Large,210000,2.0,1,0,0,WA,Seattle
Small,120000,10.0,0,1,0,VA,Richmond
Small,226000,1.0,0,0,0,CA,Menlo Park
Small,89000,1.0,0,1,0,UT,Provo
Small,400000,5.0,0,0,0,NY,New York
Small,200000,7.0,0,1,0,CA,San Francisco
Medium,174000,5.0,0,0,0,TX,Austin
Small,200000,34.0,0,0,0,NY,New York
Medium,119000,6.0,0,0,1,NC,Raleigh
Medium,225000,4.0,0,0,0,CA,Cupertino
Small,276000,7.0,0,0,1,CA,San Francisco
Small,90000,4.0,1,0,0,NC,Charlotte
Small,200000,5.0,0,0,0,CA,San Francisco
Small,155000,2.0,0,1,0,NY,New York
Small,320000,5.0,0,0,0,CA,Sunnyvale
Large,193000,6.0,0,0,1,WA,Seattle
Small,285000,3.0,0,0,1,CA,San Francisco
Small,123000,8.0,1,0,0,IL,Chicago
Large,431000,3.0,0,0,1,WA,Seattle
Large,255000,6.0,0,0,1,OK,Tulsa
Large,204000,2.0,0,0,0,GA,Atlanta
Small,270000,4.0,0,0,0,CA,Los Angeles
Small,97000,2.0,0,0,0,NY,New York
Small,148000,4.0,0,1,0,WA,Seattle
Small,70000,2.0,1,0,0,MS,Mississippi State
Large,165000,4.0,0,0,0,IL,Chicago
Medium,190000,4.0,1,0,0,CA,Sunnyvale
Small,170000,10.0,0,0,0,VA,Arlington
Medium,182000,5.0,0,0,0,NY,New York
Small,174000,5.0,0,0,0,CA,Milpitas
Small,150000,4.0,0,0,0,CA,San Francisco
Small,157000,5.0,0,0,0,VA,Arlington
Small,180000,8.0,0,0,0,AR,Bentonville
Small,148000,3.0,0,0,0,OH,Columbus
Medium,140000,2.0,0,0,0,NY,Armonk
Small,120000,1.0,0,0,0,OH,Cincinnati
Medium,200000,8.0,1,0,0,TX,Austin
Medium,227000,7.0,1,0,0,CA,Cupertino
Small,167000,4.0,0,0,0,PA,Philadelphia
Small,178000,4.0,1,0,0,FL,Miami
Small,141000,6.0,0,0,1,FL,Orlando
Small,186000,1.0,0,0,0,CA,Sunnyvale
Small,463000,7.0,0,0,0,CA,San Francisco
Small,125000,2.0,0,0,0,NY,New York
Small,283000,4.0,0,0,0,CA,Mountain View
Small,130000,4.0,0,0,0,OR,Portland
Large,360000,10.0,0,0,1,WA,Seattle
Large,160000,15.0,0,1,0,GA,Atlanta
Small,114000,3.0,0,1,0,TX,Dallas
Small,184000,3.0,0,0,1,MI,Detroit
Small,95000,2.0,0,1,0,IL,Bloomington
Small,140000,4.0,0,0,0,NJ,Basking Ridge
Large,270000,1.0,0,0,1,CA,Menlo Park
Medium,130000,2.0,0,0,0,CA,Hawaiian Gardens
Small,286000,10.0,0,0,0,VA,Fairfax
Small,120000,2.0,0,0,0,FL,Boca Raton
Small,34000,0.0,0,0,0,NH,Dublin
Large,280000,8.0,0,0,0,CA,Menlo Park
Small,118000,5.0,0,0,0,MA,Boston
Small,176000,2.0,0,0,1,MA,Boston
Small,332000,4.0,1,0,0,CA,Sunnyvale
Small,150000,2.0,0,0,0,NY,New York
Small,193000,2.0,1,0,0,WA,Seattle
Small,120000,5.0,0,1,0,DC,Washington
Small,254000,3.0,0,0,1,CA,Sunnyvale
Small,199000,2.0,1,0,0,CA,San Jose
Small,140000,2.0,0,0,0,CO,Denver
Small,139000,2.0,1,0,0,CA,Pleasanton
Small,488000,15.0,1,0,0,CA,San Francisco
Large,290000,14.0,0,0,0,WA,Seattle
Small,186000,0.0,1,0,0,CA,Redwood City
Small,525000,6.0,0,0,0,CA,Los Gatos
Medium,197000,3.0,0,1,0,CA,San Francisco
Medium,228000,8.0,1,0,0,TX,Austin
Large,256000,4.0,0,0,0,CA,San Francisco
Small,241000,10.0,0,1,0,CA,San Jose
Small,260000,7.0,0,0,0,WA,Seattle
Small,87000,3.0,1,0,0,MD,Columbia
Small,309000,5.0,0,0,0,CA,San Francisco
Large,226000,10.0,1,0,0,CA,Fremont
Small,170000,4.0,0,0,1,VA,Arlington
Large,238000,3.0,0,0,0,CA,Menlo Park
Large,230000,5.0,0,0,0,GA,Atlanta
Large,250000,2.0,1,0,0,WA,Seattle
Small,141000,1.0,0,0,1,IL,Chicago
Small,350000,10.0,0,0,0,CA,San Francisco
Small,205000,2.0,0,0,0,CA,San Francisco
Large,159000,1.0,1,0,0,WA,Redmond
Small,176000,5.0,0,0,0,GA,Atlanta
Small,198000,1.0,1,0,0,CA,San Francisco
Small,295000,2.0,1,0,0,CA,San Francisco
Small,144000,1.0,0,1,0,CA,San Francisco
Medium,250000,1.0,0,0,0,CA,San Francisco
Small,168000,2.0,0,0,1,MA,Boston
Medium,225000,8.0,0,1,0,CA,Cupertino
Small,195000,2.0,1,0,0,CA,San Jose
Large,246000,2.0,0,0,1,CA,Menlo Park
Small,100000,4.0,0,0,1,TX,Dallas
Small,210000,15.0,0,0,0,MA,Boston
Large,192000,7.0,0,0,0,WA,Seattle
Large,172000,7.0,1,0,0,CA,Los Angeles
Small,120000,5.0,0,1,0,VA,Arlington
Small,221000,14.0,0,0,1,PA,King of Prussia
Large,165000,5.0,0,1,0,WA,Seattle
Large,190000,1.0,0,0,1,MA,Cambridge
Medium,259000,2.0,0,0,0,CA,San Francisco
Small,650000,8.0,0,0,1,NY,New York
Small,81000,0.0,0,1,0,TX,Dallas
Large,300000,5.0,1,0,0,CA,Menlo Park
Small,233000,6.0,0,1,0,WA,Seattle
Small,250000,5.0,0,0,0,CA,San Jose
Small,176000,5.0,1,0,0,CA,San Diego
Small,150000,2.0,0,0,0,NY,New York
Large,385000,14.0,1,0,0,CA,Menlo Park
Small,140000,2.0,1,0,0,MA,Boston
Small,415000,12.0,1,0,0,CA,San Francisco
Large,181000,3.0,1,0,0,WA,Seattle
Small,175000,9.0,1,0,0,CA,San Jose
Small,112000,0.0,0,1,0,NY,New York
Small,249000,14.0,0,0,0,CA,San Francisco
Small,116000,1.0,0,0,0,CA,Los Angeles
Small,130000,1.0,0,0,0,NJ,Newark
Large,212000,2.0,1,0,0,WA,Redmond
Small,578000,5.0,0,0,0,CA,San Francisco
Small,485000,6.0,1,0,0,CA,San Francisco
Medium,149000,20.0,0,0,0,CO,Colorado Springs
Small,190000,5.0,0,0,0,WA,Seattle
Large,180000,4.0,1,0,0,WA,Seattle
Medium,130000,3.0,0,0,1,GA,Atlanta
Large,260000,6.0,1,0,0,WA,Seattle
Large,213000,9.0,1,0,0,WA,Seattle
Small,145000,0.0,0,0,0,NC,Charlotte
Small,168000,2.0,1,0,0,CA,Santa Clara
Small,110000,6.0,0,0,0,VA,Arlington
Small,161000,1.0,1,0,0,NY,New York
Small,183000,0.0,0,0,1,OR,Portland
Small,231000,5.0,0,1,0,CA,Los Angeles
Small,227000,3.0,0,0,0,CA,San Jose
Small,140000,1.0,0,1,0,CA,San Francisco
Small,16000,0.0,0,1,0,IN,Indianapolis
Small,157000,6.0,0,0,0,IL,Chicago
Small,245000,4.0,0,0,1,NY,New York
Small,78000,1.0,0,1,0,GA,Atlanta
Small,505000,3.0,0,0,1,CA,Los Gatos
Large,246000,5.0,0,0,1,WA,Seattle
Small,243000,2.0,0,0,1,CA,Sunnyvale
Large,300000,7.0,0,0,0,CA,San Francisco
Medium,303000,15.0,0,0,0,NY,New York
Small,142000,2.0,0,0,0,NY,New York
Small,85000,2.0,0,1,0,NY,New York
Small,158000,0.0,0,0,0,NY,New York
Small,151000,5.0,0,0,1,VA,Vienna
Small,155000,1.0,0,1,0,IL,Chicago
Small,345000,2.0,0,0,1,CA,San Francisco
Small,149000,3.0,0,0,0,WA,Seattle
Medium,223000,8.0,0,1,0,TX,Austin
Small,209000,6.0,0,0,0,TX,Dallas
Small,145000,15.0,1,0,0,TN,Memphis
Large,206000,0.0,0,0,1,WA,Redmond
Small,123000,3.0,0,0,0,NY,New York
Small,200000,4.0,1,0,0,CA,Milpitas
Small,213000,8.0,1,0,0,AR,Bentonville
Large,432000,9.0,0,0,0,WA,Seattle
Small,171000,5.0,1,0,0,NC,Raleigh
Medium,175000,2.0,0,0,0,CA,San Francisco
Small,130000,7.0,1,0,0,IL,Chicago
Small,139000,4.0,1,0,0,NY,New York
Small,158000,2.0,0,0,0,NY,New York
Small,290000,12.0,1,0,0,NY,New York
Small,220000,4.0,1,0,0,MA,Boston
Small,99000,10.0,1,0,0,TN,Memphis
Small,152000,3.0,0,0,1,OR,Portland
Small,205000,3.0,0,0,0,CA,Los Angeles
Small,200000,8.0,0,0,0,MA,Boston
Small,115000,4.0,1,1,0,TX,Austin
Small,165000,5.0,0,0,0,NY,New York
Large,200000,4.0,0,0,0,WA,Seattle
Medium,248000,3.0,0,1,0,CA,Cupertino
Large,357000,7.0,1,0,0,CA,San Francisco
Large,225000,2.0,0,0,0,WA,Seattle
Small,159000,3.0,0,0,1,OR,Portland
Small,120000,6.0,0,0,0,GA,Atlanta
Small,375000,7.0,0,0,0,NY,New York
Small,230000,10.0,0,0,0,PA,Malvern
Medium,225000,10.0,1,0,0,CA,Mountain View
Small,564000,9.0,0,0,1,CA,San Francisco
Large,338000,2.0,0,1,0,NY,New York
Small,265000,13.0,1,0,0,CA,Palo Alto
Small,196000,10.0,1,0,0,NC,Charlotte
Large,400000,9.0,0,0,0,WA,Seattle
Small,91000,0.0,0,0,0,DC,Washington
Large,200000,6.0,0,0,0,NY,New York
Large,412000,10.0,0,1,0,NY,New York
Small,90000,4.0,0,0,0,CO,Denver
Medium,145000,6.0,0,0,1,NC,Raleigh
Small,120000,4.0,0,0,0,TX,Dallas
Small,311000,6.0,1,0,0,CO,Boulder
Small,268000,4.0,1,0,0,CA,San Francisco
Medium,275000,3.0,0,0,1,CA,San Francisco
Small,225000,2.0,0,0,0,CA,San Francisco
Small,290000,10.0,0,0,1,WA,Seattle
Small,240000,6.0,1,0,0,MA,Boston
Small,115000,15.0,1,0,0,ID,Boise
Small,200000,9.0,0,0,0,CA,San Diego
Large,330000,5.0,0,0,0,WA,Seattle
Medium,105000,2.0,0,1,0,NY,New York
Small,185000,6.0,1,0,0,NY,New York
Medium,219000,9.0,1,0,0,CA,Mountain View
Large,304000,9.0,0,1,0,CA,Menlo Park
Small,160000,3.0,1,0,0,CO,Denver
Small,172000,3.0,0,0,1,WA,Seattle
Small,90000,5.0,0,0,0,DE,Wilmington
Small,185000,1.0,0,1,0,IL,Chicago
Small,220000,5.0,0,0,1,CA,Pleasanton
Small,126000,5.0,1,0,0,TX,Austin
Small,250000,3.0,1,0,0,CA,San Francisco
Small,209000,6.0,1,0,0,CA,San Francisco
Large,265000,11.0,0,0,1,CA,Menlo Park
Small,131000,5.0,1,0,0,NY,New York
Small,176000,3.0,1,0,0,MA,Watertown
Small,130000,2.0,0,0,0,IL,Chicago
Small,158000,7.0,0,0,0,CA,San Francisco
Small,100000,0.0,0,1,0,MO,Louis
Small,123000,3.0,0,0,0,GA,Atlanta
Small,283000,3.0,0,0,0,CA,San Jose
Small,197000,2.0,0,0,0,CA,San Diego
Large,157000,0.0,0,0,0,WA,Seattle
Small,133000,4.0,0,0,0,VA,Fairfax
Small,148000,4.0,1,0,0,CA,San Francisco
Small,395000,10.0,0,0,0,CA,San Francisco
Small,409000,9.0,0,0,1,CA,San Diego
Small,157000,7.0,1,0,0,TX,Dallas
Small,337000,6.0,1,0,0,NJ,Hoboken
Small,105000,2.0,1,0,0,VA,Washington
Medium,265000,6.0,1,0,0,CA,Cupertino
Medium,132000,1.0,0,0,1,WA,Seattle
Large,179000,2.0,1,0,0,WA,Seattle
Small,132000,0.0,0,0,1,IL,Chicago
Small,163000,10.0,0,0,0,WA,Seattle
Small,125000,3.0,0,0,0,NJ,Newark
Small,98000,1.0,0,1,0,NY,New York
Small,188000,5.0,0,0,0,NY,New York
Small,104000,5.0,0,0,0,ID,Boise
Small,215000,5.0,1,0,0,NY,New York
Large,757000,5.0,0,0,0,CA,Mountain View
Small,140000,3.0,1,0,0,NY,New York
Large,190000,5.0,0,0,0,WA,Seattle
Small,142000,12.0,0,0,0,MI,Ann Arbor
Small,190000,0.0,0,0,1,NY,New York
Small,172000,4.0,1,0,0,NY,New York
Small,275000,9.0,0,0,0,WA,Seattle
Large,162000,0.0,1,0,0,WA,Redmond
Large,302000,9.0,0,1,0,CA,Menlo Park
Small,152000,8.0,0,0,0,DC,Washington
Small,165000,5.0,1,0,0,IL,Chicago
Small,400000,4.0,1,0,0,CA,Los Gatos
Small,130000,3.0,1,0,0,GA,Atlanta
Small,165000,5.0,1,0,0,NY,New York
Small,80000,0.0,0,1,0,PA,Philadelphia
Large,185000,3.0,0,0,0,WA,Seattle
Small,283000,6.0,0,0,0,MO,Mountain View
Small,237000,4.0,0,0,0,NY,New York
Small,158000,2.0,1,0,0,IL,Chicago
Small,121000,1.0,1,0,0,NJ,Jersey City
Small,140000,6.0,1,0,0,GA,Atlanta
Small,470000,10.0,1,0,0,CA,Mountain View
Small,120000,4.0,1,0,0,IL,Chicago
Small,144000,4.0,1,0,0,OH,Cincinnati
Small,179000,7.0,0,0,0,OR,Portland
Small,153000,2.0,1,0,0,WA,Seattle
Small,215000,9.0,0,1,0,MD,Annapolis Junction
Large,193000,9.0,1,0,0,WA,Seattle
Small,223000,7.0,1,0,0,WA,Seattle
Large,267000,10.0,0,0,0,WA,Seattle
Small,498000,5.0,0,0,0,CA,San Mateo
Small,108000,6.0,0,0,0,NJ,Holmdel
Large,250000,8.0,0,1,0,WA,Seattle
Small,300000,10.0,0,0,0,CA,Sunnyvale
Medium,133000,4.0,0,1,0,CA,San Francisco
Small,217000,16.0,0,0,0,CA,San Francisco
Large,200000,3.0,1,0,0,MA,Boston
Large,205000,3.0,1,0,0,MA,Boston
Small,175000,5.0,1,0,0,NY,New York
Large,334000,4.0,0,0,1,NY,New York
Large,232000,6.0,0,0,1,WA,Seattle
Medium,227000,8.0,1,0,0,CA,Cupertino
Small,146000,3.0,1,0,0,OR,Beaverton
Small,152000,4.0,0,0,1,CA,San Diego
Large,700000,16.0,1,0,0,CA,Menlo Park
Large,230000,13.0,0,0,0,WA,Seattle
Small,145000,8.0,0,0,0,PA,Philadelphia
Large,631000,11.0,1,0,0,NY,New York
Small,605000,5.0,0,0,1,CA,Los Gatos
Large,210000,7.0,0,0,0,WA,Seattle
Small,250000,5.0,1,0,0,CA,San Jose
Medium,145000,6.0,0,1,0,NY,New City
Small,110000,0.0,1,0,0,VA,West McLean
Small,120000,1.0,1,0,0,OR,Portland
Large,233000,2.0,0,1,0,CA,Menlo Park
Small,175000,9.0,0,0,0,GA,Atlanta
Small,250000,5.0,0,0,0,CA,Mountain View
Large,155000,6.0,0,0,0,WA,Seattle
Small,150000,2.0,0,0,0,NY,New York
Medium,165000,5.0,0,0,0,CA,San Jose
Small,155000,3.0,0,0,0,NY,New York
Large,230000,5.0,0,0,0,WA,Seattle
Large,140000,2.0,0,0,0,WA,Seattle
Large,250000,8.0,0,0,0,CA,Palo Alto
Large,185000,7.0,0,0,0,WA,Seattle
Large,260000,10.0,0,0,0,CA,Palo Alto
Small,135000,5.0,0,0,0,OH,Cincinnati
Large,740000,12.0,0,0,0,WA,Seattle
Small,190000,3.0,0,0,0,IL,Chicago
Medium,155000,5.0,0,0,0,DC,Washington
Small,185000,8.0,0,0,0,NJ,Roseland
Medium,685000,22.0,0,0,0,WA,Kirkland
Small,175000,6.0,0,0,0,CA,San Diego
